Cycle_Index,Start_Time,End_Time,Test_Time (s),Min_Current (A),Max_Current (A),Min_Voltage (V),Max_Voltage (V),Charge_Capacity (Ah),Discharge_Capacity (Ah),Charge_Energy (Wh),Discharge_Energy (Wh)
1.0,,,13549.071,-1.35,1.172,2.699,4.2,1.373,1.366,5.512,4.899
2.0,,,27035.502,-1.35,1.17,2.699,4.2,1.368,1.364,5.47,4.899
3.0,,,40404.856,-1.35,1.165,2.699,4.2,1.369,1.365,5.464,4.915
4.0,,,53818.131,-1.35,1.174,2.699,4.2,1.359,1.363,5.445,4.894
5.0,,,67278.805,-1.35,1.174,2.699,4.2,1.364,1.363,5.452,4.906
6.0,,,80594.172,-1.35,1.162,2.699,4.2,1.364,1.362,5.441,4.911
7.0,,,93809.701,-1.35,1.161,2.699,4.2,1.36,1.356,5.425,4.883
8.0,,,107093.989,-1.35,1.165,2.699,4.2,1.352,1.349,5.401,4.848
9.0,,,120341.097,-1.35,1.161,2.699,4.2,1.347,1.346,5.385,4.84
10.0,,,133582.772,-1.35,1.159,2.699,4.2,1.343,1.343,5.369,4.826
11.0,,,146822.293,-1.35,1.161,2.699,4.2,1.34,1.34,5.355,4.814
12.0,,,159970.96,-1.35,1.163,2.699,4.2,1.341,1.346,5.359,4.851
13.0,,,173104.99,-1.35,1.158,2.699,4.2,1.344,1.346,5.363,4.856
14.0,,,186259.386,-1.35,1.16,2.699,4.2,1.342,1.337,5.352,4.811
15.0,,,199408.397,-1.35,1.157,2.699,4.2,1.335,1.334,5.335,4.797
16.0,,,212540.022,-1.35,1.16,2.699,4.2,1.334,1.332,5.331,4.789
17.0,,,225668.266,-1.35,1.157,2.699,4.2,1.33,1.33,5.318,4.781
18.0,,,238820.87,-1.35,1.158,2.699,4.2,1.33,1.333,5.318,4.799
19.0,,,248220.634,-1.35,0.675,2.699,4.197,1.133,1.138,4.48,4.055
20.0,,,261290.87,-1.35,1.152,2.699,4.2,1.337,1.336,5.334,4.82
21.0,,,274373.894,-1.35,1.15,2.699,4.2,1.331,1.327,5.315,4.77
22.0,,,287448.46,-1.349,1.152,2.699,4.2,1.324,1.325,5.292,4.762
23.0,,,300496.935,-1.35,1.154,2.699,4.2,1.323,1.324,5.289,4.758
24.0,,,313534.788,-1.349,1.149,2.699,4.2,1.322,1.321,5.286,4.749
25.0,,,326601.927,-1.35,1.152,2.699,4.2,1.32,1.325,5.28,4.772
26.0,,,339586.507,-1.35,1.148,2.699,4.2,1.326,1.328,5.293,4.787
27.0,,,352551.086,-1.35,1.148,2.699,4.2,1.325,1.328,5.288,4.791
28.0,,,365500.362,-1.35,1.146,2.699,4.2,1.327,1.328,5.296,4.793
29.0,,,378442.784,-1.35,1.143,2.699,4.2,1.327,1.328,5.293,4.794
30.0,,,391371.439,-1.35,1.144,2.699,4.2,1.326,1.328,5.29,4.795
31.0,,,404291.464,-1.35,1.141,2.699,4.2,1.326,1.328,5.286,4.796
32.0,,,417196.561,-1.35,1.147,2.698,4.2,1.325,1.327,5.284,4.795
33.0,,,430092.645,-1.35,1.143,2.699,4.2,1.325,1.327,5.282,4.794
34.0,,,442989.597,-1.35,1.142,2.699,4.2,1.324,1.326,5.28,4.793
35.0,,,455875.044,-1.35,1.142,2.699,4.2,1.324,1.326,5.277,4.791
36.0,,,468746.594,-1.35,1.143,2.699,4.2,1.323,1.325,5.275,4.79
37.0,,,481611.268,-1.35,1.139,2.699,4.2,1.323,1.325,5.273,4.791
38.0,,,494474.185,-1.35,1.136,2.699,4.2,1.322,1.324,5.271,4.789
39.0,,,507325.83,-1.35,1.138,2.699,4.2,1.322,1.324,5.269,4.787
40.0,,,520171.091,-1.35,1.143,2.699,4.2,1.322,1.323,5.269,4.785
41.0,,,533064.414,-1.35,1.142,2.699,4.2,1.318,1.313,5.256,4.732
42.0,,,542267.71,-1.35,0.675,2.699,4.198,1.109,1.112,4.39,3.959
43.0,,,555179.511,-1.35,1.146,2.699,4.2,1.312,1.309,5.243,4.712
44.0,,,568072.44,-1.35,1.144,2.699,4.2,1.308,1.308,5.228,4.705
45.0,,,580978.992,-1.35,1.144,2.699,4.2,1.305,1.308,5.216,4.708
46.0,,,593818.359,-1.35,1.147,2.699,4.2,1.308,1.314,5.223,4.741
47.0,,,606651.042,-1.35,1.141,2.699,4.2,1.311,1.314,5.232,4.746
48.0,,,619520.7,-1.35,1.135,2.699,4.2,1.31,1.305,5.229,4.696
49.0,,,632410.568,-1.35,1.143,2.699,4.2,1.303,1.302,5.21,4.684
50.0,,,645270.5,-1.35,1.141,2.699,4.2,1.299,1.301,5.195,4.678
51.0,,,658122.217,-1.35,1.141,2.699,4.2,1.299,1.298,5.195,4.665
52.0,,,671006.324,-1.35,1.143,2.699,4.2,1.299,1.304,5.198,4.698
53.0,,,683805.219,-1.35,1.137,2.699,4.2,1.305,1.306,5.213,4.713
54.0,,,696828.83,-1.35,1.161,2.699,4.199,1.302,1.339,5.233,4.812
55.0,,,710025.493,-1.35,1.163,2.699,4.199,1.336,1.336,5.34,4.803
56.0,,,723138.196,-1.35,1.157,2.699,4.2,1.338,1.338,5.342,4.825
57.0,,,736212.361,-1.35,1.148,2.699,4.2,1.337,1.337,5.331,4.822
58.0,,,749299.708,-1.35,1.15,2.699,4.2,1.331,1.327,5.312,4.771
59.0,,,762351.887,-1.349,1.15,2.699,4.2,1.323,1.323,5.287,4.755
60.0,,,775373.033,-1.35,1.148,2.699,4.199,1.321,1.321,5.279,4.748
61.0,,,788359.912,-1.349,1.154,2.699,4.2,1.32,1.316,5.275,4.723
62.0,,,801401.88,-1.35,1.154,2.699,4.199,1.313,1.314,5.253,4.718
63.0,,,814384.206,-1.35,1.145,2.699,4.199,1.313,1.312,5.248,4.712
64.0,,,827341.237,-1.35,1.153,2.699,4.2,1.312,1.308,5.245,4.691
65.0,,,840345.792,-1.35,1.143,2.699,4.199,1.306,1.304,5.227,4.674
66.0,,,853322.166,-1.35,1.144,2.699,4.199,1.302,1.303,5.21,4.669
67.0,,,866272.732,-1.35,1.141,2.699,4.199,1.301,1.301,5.208,4.659
68.0,,,879226.519,-1.35,1.143,2.699,4.199,1.297,1.297,5.192,4.642
69.0,,,892156.874,-1.35,1.145,2.699,4.199,1.296,1.298,5.189,4.65
70.0,,,905072.102,-1.35,1.15,2.699,4.199,1.295,1.297,5.185,4.647
71.0,,,914050.039,-1.35,0.675,2.699,4.198,1.081,1.085,4.284,3.838
72.0,,,926978.779,-1.35,1.145,2.699,4.199,1.294,1.292,5.181,4.623
73.0,,,939860.696,-1.35,1.142,2.699,4.199,1.291,1.291,5.169,4.622
74.0,,,952731.67,-1.35,1.144,2.699,4.199,1.29,1.29,5.167,4.619
75.0,,,965597.135,-1.35,1.146,2.699,4.199,1.287,1.287,5.153,4.605
76.0,,,978436.686,-1.35,1.141,2.699,4.199,1.285,1.289,5.147,4.62
77.0,,,991266.108,-1.35,1.141,2.699,4.199,1.288,1.288,5.157,4.616
78.0,,,1004095.1,-1.35,1.143,2.699,4.199,1.287,1.287,5.155,4.612
79.0,,,1016916.738,-1.35,1.144,2.699,4.199,1.284,1.286,5.142,4.607
80.0,,,1029724.491,-1.35,1.144,2.699,4.199,1.283,1.285,5.139,4.605
81.0,,,1042528.818,-1.35,1.139,2.699,4.199,1.283,1.284,5.136,4.605
82.0,,,1055326.204,-1.35,1.137,2.699,4.199,1.282,1.283,5.134,4.598
83.0,,,1068113.949,-1.349,1.145,2.699,4.2,1.282,1.282,5.133,4.593
84.0,,,1080896.101,-1.35,1.137,2.699,4.199,1.278,1.281,5.119,4.589
85.0,,,1093676.27,-1.349,1.139,2.699,4.199,1.278,1.279,5.118,4.585
86.0,,,1106449.769,-1.349,1.137,2.699,4.199,1.277,1.279,5.116,4.582
87.0,,,1119212.897,-1.35,1.149,2.699,4.199,1.277,1.278,5.116,4.579
88.0,,,1131967.506,-1.35,1.138,2.699,4.199,1.276,1.277,5.113,4.579
89.0,,,1144722.089,-1.35,1.136,2.699,4.199,1.276,1.276,5.111,4.572
90.0,,,1157465.686,-1.35,1.143,2.699,4.199,1.273,1.275,5.098,4.569
91.0,,,1170197.674,-1.35,1.138,2.699,4.199,1.272,1.272,5.096,4.558
92.0,,,1182947.99,-1.35,1.146,2.699,4.199,1.27,1.267,5.089,4.528
93.0,,,1195708.754,-1.349,1.138,2.699,4.199,1.263,1.265,5.067,4.522
94.0,,,1208457.765,-1.35,1.136,2.699,4.199,1.263,1.264,5.064,4.516
95.0,,,1214290.867,0.0,1.143,3.286,4.199,1.05,0.0,4.171,0.0
96.0,,,1221356.204,-1.35,0.998,2.699,4.199,0.208,1.266,0.873,4.532
97.0,,,1234041.585,-1.349,1.143,2.699,4.199,1.266,1.268,5.073,4.546
98.0,,,1246720.938,-1.35,1.134,2.699,4.199,1.265,1.268,5.069,4.544
99.0,,,1259364.021,-1.35,1.134,2.699,4.199,1.267,1.274,5.073,4.578
100.0,,,1272008.221,-1.35,1.131,2.699,4.199,1.273,1.275,5.093,4.583
101.0,,,1284639.206,-1.35,1.13,2.699,4.199,1.269,1.268,5.075,4.55
102.0,,,1297303.921,-1.35,1.138,2.699,4.199,1.265,1.267,5.067,4.543
103.0,,,1309957.301,-1.35,1.137,2.699,4.199,1.263,1.267,5.06,4.545
104.0,,,1322604.321,-1.35,1.132,2.699,4.199,1.263,1.265,5.058,4.534
105.0,,,1335254.664,-1.35,1.13,2.699,4.199,1.26,1.263,5.047,4.524
106.0,,,1347836.102,-1.35,1.131,2.699,4.199,1.263,1.269,5.056,4.562
107.0,,,1360423.474,-1.35,1.135,2.699,4.199,1.267,1.27,5.067,4.567
108.0,,,1373042.344,-1.35,1.129,2.699,4.199,1.265,1.261,5.059,4.517
109.0,,,1385666.403,-1.35,1.13,2.699,4.199,1.258,1.259,5.04,4.511
110.0,,,1398278.729,-1.35,1.13,2.699,4.199,1.258,1.259,5.039,4.51
111.0,,,1410883.642,-1.35,1.136,2.699,4.199,1.255,1.257,5.027,4.5
112.0,,,1423500.076,-1.35,1.136,2.699,4.199,1.252,1.257,5.017,4.499
113.0,,,1436045.798,-1.35,1.129,2.699,4.199,1.258,1.263,5.035,4.536
114.0,,,1448599.495,-1.35,1.126,2.699,4.2,1.261,1.264,5.046,4.542
115.0,,,1461184.428,-1.35,1.133,2.699,4.199,1.257,1.253,5.033,4.485
116.0,,,1473765.927,-1.35,1.14,2.699,4.199,1.25,1.252,5.01,4.481
117.0,,,1486328.532,-1.35,1.13,2.699,4.199,1.249,1.252,5.005,4.482
118.0,,,1498869.806,-1.35,1.129,2.699,4.199,1.248,1.248,5.001,4.465
119.0,,,1511477.506,-1.35,1.128,2.699,4.199,1.246,1.252,4.997,4.485
120.0,,,1523987.776,-1.35,1.128,2.699,4.199,1.252,1.256,5.015,4.507
121.0,,,1536498.205,-1.35,1.126,2.699,4.199,1.253,1.256,5.013,4.511
122.0,,,1548993.252,-1.35,1.135,2.699,4.199,1.255,1.258,5.021,4.523
123.0,,,1561478.747,-1.35,1.124,2.699,4.2,1.258,1.259,5.03,4.528
124.0,,,1573954.025,-1.35,1.127,2.699,4.2,1.257,1.26,5.027,4.532
125.0,,,1586421.858,-1.35,1.124,2.699,4.2,1.257,1.26,5.025,4.535
126.0,,,1598885.453,-1.35,1.126,2.699,4.2,1.257,1.261,5.024,4.54
127.0,,,1611339.086,-1.35,1.128,2.699,4.2,1.259,1.261,5.033,4.54
128.0,,,1623794.909,-1.35,1.122,2.699,4.2,1.259,1.261,5.033,4.542
129.0,,,1636249.075,-1.35,1.123,2.699,4.2,1.259,1.261,5.031,4.543
130.0,,,1648693.199,-1.35,1.125,2.699,4.2,1.259,1.261,5.03,4.544
131.0,,,1661136.582,-1.35,1.12,2.699,4.2,1.259,1.261,5.029,4.545
132.0,,,1673572.925,-1.35,1.124,2.699,4.2,1.258,1.261,5.027,4.545
133.0,,,1686008.913,-1.35,1.122,2.699,4.2,1.258,1.261,5.026,4.545
134.0,,,1698441.35,-1.35,1.12,2.699,4.2,1.258,1.261,5.026,4.545
135.0,,,1710866.606,-1.35,1.125,2.699,4.2,1.258,1.257,5.026,4.528
136.0,,,1723343.014,-1.35,1.126,2.699,4.199,1.248,1.245,4.992,4.465
137.0,,,1735803.792,-1.35,1.13,2.699,4.199,1.243,1.244,4.979,4.461
138.0,,,1748259.593,-1.35,1.128,2.699,4.199,1.243,1.243,4.977,4.458
139.0,,,1760702.285,-1.35,1.138,2.699,4.199,1.242,1.241,4.975,4.447
140.0,,,1769285.313,-1.35,0.675,2.699,4.199,1.029,1.04,4.085,3.685
141.0,,,1781736.872,-1.35,1.124,2.699,4.199,1.25,1.251,4.999,4.5
142.0,,,1794148.685,-1.35,1.126,2.699,4.2,1.25,1.252,5.0,4.507
143.0,,,1806601.699,-1.35,1.123,2.699,4.199,1.247,1.24,4.989,4.445
144.0,,,1819042.659,-1.35,1.124,2.699,4.199,1.238,1.241,4.962,4.447
145.0,,,1831477.094,-1.35,1.13,2.699,4.199,1.238,1.24,4.96,4.446
146.0,,,1844113.008,-1.35,1.146,2.699,4.199,1.232,1.264,4.961,4.522
147.0,,,1852825.702,-1.35,0.675,2.699,4.199,1.047,1.055,4.154,3.73
148.0,,,1865497.821,-1.35,1.138,2.699,4.2,1.271,1.272,5.086,4.569
149.0,,,1878112.852,-1.35,1.133,2.699,4.2,1.271,1.272,5.082,4.574
150.0,,,1890746.816,-1.35,1.131,2.699,4.199,1.265,1.26,5.06,4.513
151.0,,,1903353.635,-1.35,1.139,2.699,4.199,1.257,1.258,5.035,4.506
152.0,,,1915939.143,-1.349,1.139,2.699,4.199,1.253,1.256,5.019,4.499
153.0,,,1928519.184,-1.35,1.144,2.699,4.199,1.252,1.255,5.015,4.494
154.0,,,1941109.503,-1.349,1.134,2.699,4.199,1.249,1.254,5.006,4.492
155.0,,,1953633.222,-1.35,1.133,2.699,4.2,1.256,1.26,5.026,4.529
156.0,,,1966136.755,-1.35,1.129,2.699,4.2,1.259,1.261,5.033,4.535
157.0,,,1978674.352,-1.35,1.128,2.699,4.199,1.254,1.249,5.019,4.47
158.0,,,1991195.578,-1.35,1.136,2.699,4.199,1.246,1.248,4.993,4.466
159.0,,,2003717.532,-1.349,1.134,2.699,4.199,1.245,1.247,4.989,4.467
160.0,,,2016218.828,-1.35,1.136,2.699,4.199,1.242,1.245,4.975,4.457
161.0,,,2028759.455,-1.35,1.132,2.699,4.199,1.242,1.248,4.978,4.473
162.0,,,2041203.744,-1.35,1.128,2.699,4.199,1.246,1.252,4.985,4.499
163.0,,,2053632.874,-1.35,1.128,2.699,4.2,1.248,1.253,4.993,4.503
164.0,,,2066057.091,-1.35,1.126,2.699,4.2,1.248,1.253,4.991,4.505
165.0,,,2078468.095,-1.35,1.131,2.699,4.2,1.247,1.252,4.988,4.506
166.0,,,2090875.542,-1.35,1.129,2.699,4.2,1.25,1.253,4.999,4.508
167.0,,,2103273.036,-1.349,1.127,2.699,4.2,1.25,1.253,4.996,4.511
168.0,,,2115667.998,-1.35,1.131,2.699,4.2,1.249,1.253,4.995,4.512
169.0,,,2128060.328,-1.35,1.127,2.699,4.2,1.249,1.253,4.993,4.511
170.0,,,2140434.786,-1.35,1.126,2.699,4.2,1.249,1.252,4.991,4.509
171.0,,,2152807.529,-1.35,1.124,2.699,4.2,1.248,1.252,4.99,4.508
172.0,,,2165177.159,-1.35,1.122,2.699,4.2,1.248,1.251,4.989,4.508
173.0,,,2177545.651,-1.349,1.122,2.699,4.2,1.248,1.251,4.988,4.508
174.0,,,2189911.743,-1.35,1.126,2.699,4.2,1.248,1.251,4.986,4.508
175.0,,,2202270.703,-1.35,1.124,2.699,4.2,1.248,1.251,4.985,4.509
176.0,,,2214617.1,-1.35,1.122,2.699,4.2,1.247,1.252,4.982,4.515
177.0,,,2226954.094,-1.35,1.118,2.699,4.2,1.25,1.25,4.992,4.507
178.0,,,2239327.863,-1.35,1.128,2.699,4.199,1.242,1.237,4.968,4.439
179.0,,,2251707.977,-1.35,1.127,2.699,4.199,1.232,1.236,4.932,4.436
180.0,,,2264078.384,-1.349,1.123,2.699,4.199,1.231,1.234,4.93,4.425
181.0,,,2276427.272,-1.35,1.123,2.699,4.199,1.23,1.232,4.928,4.414
182.0,,,2288861.808,-1.349,1.129,2.699,4.199,1.229,1.236,4.926,4.439
183.0,,,2301188.493,-1.35,1.125,2.699,4.2,1.235,1.24,4.942,4.462
184.0,,,2313508.168,-1.35,1.129,2.699,4.2,1.238,1.24,4.953,4.461
185.0,,,2325860.602,-1.35,1.126,2.699,4.199,1.231,1.228,4.928,4.395
186.0,,,2338206.213,-1.35,1.131,2.699,4.199,1.223,1.228,4.902,4.398
187.0,,,2350538.904,-1.35,1.134,2.699,4.199,1.223,1.227,4.899,4.395
188.0,,,2362862.894,-1.349,1.131,2.699,4.199,1.222,1.226,4.897,4.389
189.0,,,2375236.975,-1.35,1.123,2.699,4.199,1.223,1.23,4.902,4.415
190.0,,,2387521.885,-1.35,1.12,2.699,4.2,1.229,1.235,4.921,4.439
191.0,,,2399794.618,-1.35,1.129,2.699,4.2,1.232,1.234,4.93,4.439
192.0,,,2412107.99,-1.35,1.133,2.699,4.199,1.225,1.224,4.906,4.383
193.0,,,2424400.596,-1.35,1.124,2.699,4.199,1.22,1.225,4.89,4.388
194.0,,,2436679.115,-1.35,1.128,2.699,4.199,1.219,1.225,4.885,4.391
195.0,,,2448945.066,-1.35,1.123,2.699,4.199,1.219,1.224,4.885,4.384
196.0,,,2461461.673,-1.35,1.139,2.699,4.199,1.217,1.248,4.903,4.472
197.0,,,2474095.522,-1.35,1.135,2.699,4.199,1.25,1.255,5.007,4.509
198.0,,,2486598.78,-1.35,1.134,2.699,4.2,1.254,1.258,5.015,4.529
199.0,,,2499072.764,-1.35,1.124,2.699,4.2,1.256,1.254,5.021,4.509
200.0,,,2511570.485,-1.35,1.131,2.699,4.199,1.247,1.245,4.991,4.461
201.0,,,2524055.281,-1.35,1.132,2.699,4.199,1.242,1.245,4.975,4.467
202.0,,,2536541.138,-1.35,1.134,2.699,4.2,1.244,1.251,4.979,4.502
203.0,,,2548969.423,-1.35,1.123,2.699,4.2,1.25,1.254,4.996,4.517
204.0,,,2561386.27,-1.35,1.127,2.699,4.2,1.25,1.253,4.993,4.514
205.0,,,2573789.375,-1.35,1.126,2.699,4.2,1.249,1.252,4.991,4.512
206.0,,,2586177.876,-1.35,1.131,2.699,4.2,1.248,1.252,4.987,4.512
207.0,,,2598565.156,-1.35,1.13,2.699,4.2,1.248,1.251,4.986,4.511
208.0,,,2610934.606,-1.35,1.122,2.699,4.2,1.247,1.251,4.983,4.51
209.0,,,2623302.881,-1.35,1.121,2.699,4.2,1.247,1.251,4.982,4.513
210.0,,,2635657.62,-1.35,1.12,2.699,4.2,1.25,1.251,4.991,4.512
211.0,,,2648001.042,-1.35,1.122,2.699,4.2,1.246,1.25,4.977,4.509
212.0,,,2660340.031,-1.35,1.12,2.699,4.2,1.246,1.249,4.976,4.508
213.0,,,2672669.227,-1.35,1.117,2.699,4.2,1.246,1.249,4.974,4.506
214.0,,,2684995.73,-1.35,1.122,2.699,4.2,1.245,1.248,4.972,4.505
215.0,,,2697320.347,-1.35,1.117,2.699,4.2,1.245,1.248,4.971,4.504
216.0,,,2709635.93,-1.35,1.125,2.699,4.2,1.244,1.248,4.969,4.504
217.0,,,2721946.029,-1.35,1.118,2.699,4.2,1.244,1.247,4.969,4.501
218.0,,,2734247.876,-1.35,1.119,2.699,4.2,1.244,1.247,4.967,4.499
219.0,,,2746546.421,-1.35,1.123,2.699,4.2,1.244,1.246,4.966,4.498
220.0,,,2758804.704,-1.35,1.12,2.699,4.2,1.243,1.241,4.962,4.474
221.0,,,2771124.652,-1.35,1.13,2.699,4.2,1.232,1.232,4.926,4.424
222.0,,,2783420.585,-1.35,1.124,2.699,4.2,1.23,1.231,4.921,4.423
223.0,,,2795705.504,-1.35,1.126,2.699,4.2,1.227,1.228,4.908,4.408
224.0,,,2807980.495,-1.35,1.126,2.699,4.199,1.223,1.225,4.894,4.395
225.0,,,2820298.017,-1.35,1.126,2.699,4.2,1.224,1.232,4.905,4.433
226.0,,,2832557.934,-1.35,1.122,2.699,4.2,1.231,1.235,4.922,4.449
227.0,,,2844800.095,-1.35,1.119,2.699,4.2,1.234,1.232,4.933,4.436
228.0,,,2857078.284,-1.35,1.12,2.699,4.2,1.222,1.223,4.892,4.384
229.0,,,2869357.698,-1.349,1.125,2.699,4.199,1.219,1.223,4.88,4.388
230.0,,,2881631.259,-1.35,1.13,2.699,4.199,1.222,1.223,4.891,4.388
231.0,,,2893877.222,-1.35,1.124,2.699,4.199,1.221,1.218,4.889,4.367
232.0,,,2906183.008,-1.35,1.13,2.699,4.2,1.217,1.225,4.878,4.399
233.0,,,2918422.921,-1.35,1.117,2.699,4.2,1.224,1.228,4.894,4.42
234.0,,,2930646.342,-1.35,1.121,2.699,4.2,1.226,1.226,4.904,4.409
235.0,,,2942894.748,-1.349,1.122,2.699,4.199,1.218,1.215,4.877,4.351
236.0,,,2955128.593,-1.35,1.126,2.699,4.199,1.213,1.215,4.862,4.354
237.0,,,2967357.933,-1.35,1.125,2.699,4.199,1.213,1.213,4.858,4.343
238.0,,,2979593.482,-1.349,1.122,2.699,4.199,1.21,1.212,4.851,4.338
239.0,,,2991893.411,-1.35,1.121,2.699,4.199,1.212,1.217,4.859,4.368
240.0,,,3004099.614,-1.35,1.118,2.699,4.2,1.218,1.222,4.875,4.391
241.0,,,3016291.962,-1.35,1.127,2.699,4.2,1.221,1.221,4.885,4.389
242.0,,,3028524.687,-1.35,1.118,2.699,4.199,1.213,1.21,4.86,4.33
243.0,,,3040738.927,-1.35,1.121,2.699,4.199,1.208,1.21,4.844,4.334
244.0,,,3052938.97,-1.35,1.12,2.699,4.199,1.208,1.211,4.841,4.34
245.0,,,3065144.861,-1.349,1.128,2.699,4.199,1.208,1.211,4.841,4.338
246.0,,,3077564.684,-1.35,1.134,2.699,4.199,1.202,1.227,4.841,4.388
247.0,,,3089995.794,-1.35,1.135,2.699,4.199,1.226,1.228,4.916,4.395
248.0,,,3090716.129,0.0,0.675,3.305,3.817,0.109,0.0,0.411,0.0
249.0,,,3102681.14,-1.35,1.149,2.699,4.199,1.1,1.227,4.455,4.388
250.0,,,3115213.487,-1.35,1.139,2.699,4.199,1.226,1.232,4.92,4.41
251.0,,,3127640.387,-1.35,1.141,2.699,4.199,1.235,1.241,4.948,4.455
252.0,,,3140061.745,-1.35,1.132,2.699,4.199,1.239,1.242,4.958,4.462
253.0,,,3152517.656,-1.35,1.129,2.699,4.199,1.235,1.228,4.946,4.388
254.0,,,3164967.672,-1.35,1.135,2.699,4.199,1.224,1.226,4.908,4.379
255.0,,,3177394.664,-1.35,1.134,2.699,4.199,1.222,1.224,4.903,4.371
256.0,,,3185045.424,0.0,1.132,3.31,4.199,1.188,0.0,4.759,0.0
257.0,,,3189697.882,-1.35,0.31,2.699,4.199,0.03,1.23,0.129,4.395
258.0,,,3202064.451,-1.35,1.134,2.699,4.199,1.219,1.221,4.89,4.362
259.0,,,3214437.758,-1.35,1.134,2.699,4.199,1.216,1.22,4.88,4.359
260.0,,,3226855.484,-1.35,1.133,2.699,4.199,1.217,1.225,4.88,4.385
261.0,,,3239190.812,-1.35,1.131,2.699,4.199,1.224,1.23,4.901,4.415
262.0,,,3251517.252,-1.35,1.126,2.699,4.199,1.227,1.231,4.91,4.421
263.0,,,3263879.291,-1.35,1.129,2.699,4.199,1.223,1.216,4.899,4.346
264.0,,,3276235.273,-1.35,1.132,2.699,4.199,1.212,1.215,4.861,4.343
265.0,,,3288568.965,-1.35,1.131,2.699,4.199,1.214,1.213,4.868,4.331
266.0,,,3300866.592,-1.35,1.137,2.699,4.199,1.209,1.211,4.851,4.326
267.0,,,3309148.343,-1.35,0.675,2.699,4.197,0.992,0.999,3.938,3.519
268.0,,,3321475.947,-1.35,1.13,2.699,4.199,1.214,1.217,4.866,4.36
269.0,,,3333743.312,-1.35,1.124,2.699,4.199,1.217,1.219,4.874,4.369
270.0,,,3345986.536,-1.35,1.122,2.699,4.199,1.212,1.207,4.853,4.31
271.0,,,3358263.298,-1.35,1.135,2.699,4.199,1.202,1.203,4.822,4.292
272.0,,,3370508.129,-1.35,1.128,2.699,4.199,1.202,1.203,4.826,4.292
273.0,,,3382748.236,-1.35,1.141,2.699,4.199,1.199,1.203,4.813,4.292
274.0,,,3394996.626,-1.35,1.126,2.699,4.199,1.199,1.2,4.813,4.278
275.0,,,3407184.923,-1.35,1.128,2.699,4.199,1.2,1.209,4.812,4.329
276.0,,,3419378.684,-1.35,1.126,2.699,4.2,1.207,1.21,4.837,4.338
277.0,,,3431565.458,-1.35,1.13,2.699,4.199,1.21,1.211,4.846,4.343
278.0,,,3443741.546,-1.35,1.12,2.699,4.199,1.209,1.211,4.844,4.345
279.0,,,3455911.472,-1.35,1.132,2.699,4.2,1.209,1.212,4.842,4.349
280.0,,,3468073.382,-1.35,1.124,2.699,4.2,1.209,1.212,4.84,4.352
281.0,,,3480206.732,-1.35,1.12,2.699,4.2,1.211,1.213,4.849,4.356
282.0,,,3492356.071,-1.35,1.121,2.699,4.2,1.211,1.213,4.849,4.357
283.0,,,3504489.466,-1.35,1.124,2.699,4.2,1.211,1.213,4.848,4.359
284.0,,,3516624.938,-1.35,1.122,2.699,4.2,1.211,1.213,4.846,4.357
285.0,,,3528762.546,-1.35,1.12,2.699,4.2,1.211,1.213,4.846,4.356
286.0,,,3540888.182,-1.35,1.123,2.699,4.2,1.21,1.214,4.844,4.363
287.0,,,3553018.05,-1.35,1.12,2.699,4.2,1.211,1.213,4.844,4.361
288.0,,,3565149.666,-1.35,1.125,2.699,4.2,1.211,1.214,4.844,4.364
289.0,,,3577270.131,-1.35,1.118,2.699,4.2,1.211,1.214,4.842,4.368
290.0,,,3589387.537,-1.35,1.117,2.699,4.2,1.213,1.215,4.853,4.37
291.0,,,3601418.275,-1.35,1.121,2.699,4.2,1.212,1.205,4.847,4.324
292.0,,,3613549.137,-1.35,1.125,2.699,4.199,1.198,1.195,4.8,4.272
293.0,,,3625671.488,-1.35,1.123,2.699,4.199,1.194,1.196,4.788,4.277
294.0,,,3637790.364,-1.349,1.127,2.699,4.199,1.193,1.195,4.784,4.27
295.0,,,3649896.303,-1.35,1.129,2.699,4.199,1.19,1.192,4.772,4.257
296.0,,,3662052.853,-1.35,1.13,2.699,4.199,1.192,1.201,4.781,4.304
297.0,,,3674154.456,-1.35,1.121,2.699,4.2,1.202,1.204,4.813,4.323
298.0,,,3686244.669,-1.35,1.132,2.699,4.2,1.202,1.2,4.813,4.304
299.0,,,3698358.499,-1.349,1.124,2.699,4.199,1.193,1.19,4.784,4.247
300.0,,,3710458.747,-1.35,1.128,2.699,4.199,1.186,1.19,4.758,4.249
301.0,,,3722565.707,-1.35,1.127,2.699,4.199,1.188,1.189,4.768,4.248
302.0,,,3734653.382,-1.35,1.13,2.699,4.199,1.185,1.188,4.756,4.242
303.0,,,3746825.236,-1.35,1.135,2.699,4.199,1.187,1.193,4.767,4.269
304.0,,,3758905.531,-1.349,1.122,2.699,4.2,1.194,1.198,4.785,4.293
305.0,,,3770978.021,-1.35,1.121,2.699,4.2,1.197,1.197,4.796,4.291
306.0,,,3783088.351,-1.35,1.132,2.699,4.199,1.19,1.183,4.774,4.217
307.0,,,3795447.142,-1.35,1.145,2.699,4.199,1.173,1.204,4.735,4.296
308.0,,,3807802.592,-1.35,1.136,2.699,4.199,1.205,1.204,4.836,4.295
309.0,,,3816025.309,-1.35,0.675,2.699,4.198,0.985,0.994,3.914,3.503
310.0,,,3828365.955,-1.35,1.133,2.699,4.199,1.213,1.213,4.867,4.343
311.0,,,3840649.036,-1.35,1.142,2.699,4.2,1.211,1.214,4.853,4.351
312.0,,,3852933.138,-1.35,1.132,2.699,4.199,1.208,1.201,4.839,4.285
313.0,,,3865223.26,-1.35,1.139,2.699,4.199,1.198,1.199,4.81,4.272
314.0,,,3877478.31,-1.349,1.131,2.699,4.199,1.196,1.197,4.802,4.268
315.0,,,3889738.657,-1.35,1.132,2.699,4.199,1.196,1.196,4.802,4.261
316.0,,,3901996.413,-1.349,1.133,2.699,4.199,1.193,1.195,4.791,4.255
317.0,,,3914191.349,-1.35,1.13,2.699,4.199,1.196,1.203,4.798,4.303
318.0,,,3926389.574,-1.35,1.128,2.699,4.199,1.2,1.204,4.811,4.311
319.0,,,3938578.586,-1.35,1.137,2.699,4.2,1.203,1.205,4.821,4.315
320.0,,,3950754.133,-1.35,1.132,2.699,4.2,1.202,1.205,4.817,4.316
321.0,,,3962923.856,-1.35,1.127,2.699,4.2,1.202,1.205,4.816,4.321
322.0,,,3975071.913,-1.35,1.13,2.699,4.2,1.204,1.205,4.824,4.322
323.0,,,3987215.209,-1.35,1.133,2.699,4.2,1.204,1.205,4.822,4.323
324.0,,,3999350.822,-1.35,1.129,2.699,4.2,1.204,1.205,4.82,4.322
325.0,,,4011474.075,-1.35,1.123,2.699,4.2,1.203,1.204,4.819,4.321
326.0,,,4023596.04,-1.35,1.128,2.699,4.2,1.203,1.204,4.817,4.32
327.0,,,4035708.757,-1.35,1.126,2.699,4.2,1.203,1.204,4.816,4.319
328.0,,,4047822.721,-1.35,1.135,2.699,4.2,1.202,1.204,4.814,4.32
329.0,,,4059925.112,-1.35,1.123,2.699,4.2,1.202,1.204,4.813,4.32
330.0,,,4068284.864,-1.35,0.675,2.699,4.198,1.002,1.01,3.974,3.584
331.0,,,4080454.375,-1.35,1.129,2.699,4.2,1.206,1.204,4.826,4.321
332.0,,,4092563.882,-1.35,1.132,2.699,4.2,1.202,1.203,4.812,4.321
333.0,,,4104654.769,-1.35,1.124,2.699,4.2,1.201,1.199,4.809,4.302
334.0,,,4116775.516,-1.35,1.128,2.699,4.199,1.189,1.186,4.77,4.232
335.0,,,4128875.249,-1.35,1.133,2.699,4.199,1.182,1.184,4.743,4.226
336.0,,,4140972.411,-1.35,1.131,2.699,4.199,1.181,1.183,4.742,4.219
337.0,,,4153064.96,-1.35,1.139,2.699,4.199,1.181,1.18,4.742,4.208
338.0,,,4165234.855,-1.35,1.13,2.699,4.199,1.18,1.187,4.739,4.241
339.0,,,4177302.373,-1.35,1.128,2.699,4.199,1.186,1.192,4.756,4.27
340.0,,,4189366.486,-1.35,1.123,2.699,4.2,1.19,1.193,4.768,4.275
341.0,,,4201456.596,-1.35,1.13,2.699,4.199,1.185,1.18,4.755,4.206
342.0,,,4213538.398,-1.35,1.129,2.699,4.199,1.177,1.178,4.727,4.2
343.0,,,4225597.196,-1.35,1.133,2.699,4.199,1.176,1.176,4.723,4.191
344.0,,,4237656.805,-1.35,1.135,2.699,4.199,1.173,1.177,4.711,4.194
345.0,,,4249746.987,-1.35,1.135,2.699,4.199,1.173,1.18,4.71,4.21
346.0,,,4261779.222,-1.35,1.13,2.699,4.199,1.181,1.185,4.739,4.239
347.0,,,4273808.636,-1.35,1.131,2.699,4.199,1.184,1.188,4.748,4.256
348.0,,,4285863.455,-1.35,1.14,2.699,4.199,1.183,1.176,4.743,4.193
349.0,,,4297934.073,-1.349,1.132,2.699,4.199,1.173,1.173,4.713,4.178
350.0,,,4309964.321,-1.349,1.128,2.699,4.199,1.171,1.171,4.704,4.171
351.0,,,4322002.637,-1.35,1.126,2.699,4.199,1.169,1.171,4.696,4.172
352.0,,,4334047.928,-1.35,1.132,2.699,4.199,1.168,1.172,4.694,4.174
353.0,,,4346047.109,-1.35,1.127,2.699,4.2,1.173,1.182,4.707,4.226
354.0,,,4358062.161,-1.349,1.124,2.699,4.2,1.18,1.183,4.734,4.235
355.0,,,4370064.188,-1.35,1.134,2.699,4.199,1.176,1.171,4.716,4.174
356.0,,,4382111.379,-1.349,1.133,2.699,4.199,1.168,1.169,4.694,4.163
357.0,,,4394159.456,-1.35,1.139,2.699,4.199,1.168,1.17,4.7,4.169
358.0,,,4406182.252,-1.35,1.149,2.699,4.199,1.168,1.169,4.693,4.162
359.0,,,4418204.702,-1.35,1.134,2.699,4.199,1.164,1.165,4.678,4.144
360.0,,,4430177.207,-1.35,1.133,2.699,4.199,1.165,1.177,4.679,4.204
361.0,,,4442179.985,-1.35,1.145,2.699,4.199,1.176,1.179,4.719,4.217
362.0,,,4454128.803,-1.35,1.136,2.699,4.199,1.173,1.169,4.705,4.165
363.0,,,4466150.824,-1.349,1.142,2.699,4.199,1.164,1.165,4.678,4.143
364.0,,,4478153.495,-1.349,1.132,2.699,4.199,1.163,1.165,4.674,4.145
365.0,,,4490150.735,-1.35,1.137,2.699,4.199,1.162,1.164,4.673,4.141
366.0,,,4502130.361,-1.349,1.129,2.699,4.199,1.161,1.162,4.668,4.133
367.0,,,4514105.677,-1.35,1.133,2.699,4.199,1.164,1.172,4.678,4.186
368.0,,,4522157.125,-1.35,0.675,2.699,4.198,0.963,0.973,3.825,3.435
369.0,,,4534217.026,-1.35,1.129,2.699,4.199,1.179,1.175,4.73,4.202
370.0,,,4546208.831,-1.35,1.129,2.699,4.2,1.172,1.176,4.702,4.207
371.0,,,4558195.07,-1.35,1.126,2.699,4.199,1.175,1.177,4.713,4.211
372.0,,,4570187.902,-1.35,1.125,2.699,4.199,1.175,1.179,4.713,4.222
373.0,,,4582162.454,-1.35,1.12,2.699,4.199,1.178,1.18,4.722,4.227
374.0,,,4594142.724,-1.35,1.127,2.699,4.199,1.178,1.181,4.721,4.231
375.0,,,4606113.5,-1.35,1.127,2.699,4.2,1.178,1.181,4.72,4.234
376.0,,,4618085.505,-1.35,1.127,2.699,4.2,1.178,1.182,4.72,4.237
377.0,,,4630058.301,-1.35,1.122,2.699,4.2,1.181,1.182,4.732,4.239
378.0,,,4642025.667,-1.35,1.121,2.699,4.2,1.181,1.182,4.732,4.24
379.0,,,4653989.643,-1.35,1.123,2.699,4.2,1.181,1.183,4.731,4.242
380.0,,,4665958.517,-1.35,1.129,2.699,4.2,1.181,1.183,4.731,4.245
381.0,,,4677912.838,-1.35,1.125,2.699,4.2,1.181,1.184,4.73,4.248
382.0,,,4689871.14,-1.35,1.124,2.699,4.2,1.181,1.184,4.729,4.248
383.0,,,4701826.043,-1.35,1.122,2.699,4.2,1.181,1.184,4.729,4.249
384.0,,,4713746.978,-1.35,1.119,2.699,4.199,1.178,1.169,4.716,4.174
385.0,,,4725712.844,-1.35,1.135,2.699,4.199,1.164,1.165,4.676,4.153
386.0,,,4737673.911,-1.35,1.127,2.699,4.199,1.16,1.164,4.661,4.149
387.0,,,4749626.934,-1.35,1.134,2.699,4.199,1.161,1.163,4.662,4.144
388.0,,,4761589.807,-1.35,1.134,2.699,4.199,1.16,1.161,4.661,4.132
389.0,,,4773524.368,-1.35,1.133,2.699,4.199,1.162,1.172,4.67,4.191
390.0,,,4785468.159,-1.35,1.135,2.699,4.2,1.17,1.175,4.691,4.207
391.0,,,4797310.53,-1.349,1.122,2.699,4.2,1.171,1.167,4.694,4.168
392.0,,,4809272.735,-1.349,1.128,2.699,4.199,1.16,1.161,4.661,4.134
393.0,,,4821224.647,-1.35,1.144,2.699,4.199,1.159,1.163,4.656,4.145
394.0,,,4833173.196,-1.35,1.126,2.699,4.199,1.16,1.161,4.658,4.139
395.0,,,4845099.295,-1.349,1.133,2.699,4.199,1.159,1.159,4.656,4.127
396.0,,,4857090.38,-1.35,1.13,2.699,4.199,1.158,1.167,4.656,4.171
397.0,,,4869016.776,-1.35,1.125,2.699,4.2,1.168,1.172,4.687,4.194
398.0,,,4880942.556,-1.35,1.126,2.699,4.2,1.169,1.17,4.687,4.189
399.0,,,4892877.226,-1.35,1.128,2.699,4.199,1.163,1.16,4.668,4.133
400.0,,,4904806.779,-1.35,1.128,2.699,4.199,1.155,1.16,4.642,4.136
401.0,,,4916734.467,-1.35,1.141,2.699,4.199,1.158,1.161,4.652,4.139
402.0,,,4928661.352,-1.35,1.129,2.699,4.199,1.158,1.16,4.652,4.133
403.0,,,4940623.089,-1.35,1.124,2.699,4.199,1.158,1.164,4.654,4.153
404.0,,,4952514.532,-1.35,1.125,2.699,4.2,1.163,1.17,4.668,4.189
405.0,,,4964414.362,-1.35,1.124,2.699,4.2,1.167,1.172,4.681,4.196
406.0,,,4976332.067,-1.35,1.125,2.699,4.199,1.165,1.16,4.675,4.134
407.0,,,4988412.373,-1.35,1.137,2.699,4.199,1.151,1.164,4.642,4.142
408.0,,,5000479.442,-1.35,1.134,2.699,4.199,1.164,1.165,4.679,4.145
409.0,,,5012381.418,-1.35,1.134,2.699,4.199,1.164,1.163,4.674,4.141
410.0,,,5024378.211,-1.35,1.136,2.699,4.199,1.159,1.159,4.659,4.123
411.0,,,5036367.898,-1.35,1.138,2.699,4.199,1.155,1.158,4.645,4.114
412.0,,,5048338.615,-1.35,1.135,2.699,4.199,1.154,1.158,4.64,4.119
413.0,,,5060302.843,-1.349,1.14,2.699,4.199,1.157,1.158,4.652,4.119
414.0,,,5072269.048,-1.35,1.135,2.699,4.199,1.154,1.157,4.638,4.113
415.0,,,5084230.462,-1.349,1.13,2.699,4.199,1.153,1.154,4.637,4.103
416.0,,,5096152.799,-1.35,1.131,2.699,4.199,1.154,1.164,4.641,4.153
417.0,,,5108084.413,-1.35,1.125,2.699,4.199,1.162,1.166,4.664,4.165
418.0,,,5120013.931,-1.35,1.141,2.699,4.199,1.165,1.167,4.675,4.17
419.0,,,5131937.17,-1.35,1.125,2.699,4.2,1.165,1.167,4.673,4.173
420.0,,,5143837.254,-1.35,1.126,2.699,4.199,1.164,1.167,4.671,4.174
421.0,,,5155751.796,-1.35,1.129,2.699,4.199,1.164,1.168,4.671,4.178
422.0,,,5163811.445,-5.945,1.127,3.304,4.2,1.137,0.541,4.554,2.269
423.0,,,5168326.972,-1.35,0.334,2.699,4.199,0.032,1.175,0.134,4.205
424.0,,,5180113.577,-1.35,1.135,2.699,4.199,1.159,1.166,4.651,4.176
425.0,,,5191950.306,-1.35,1.135,2.699,4.2,1.161,1.169,4.658,4.19
426.0,,,5203801.855,-1.35,1.123,2.699,4.2,1.165,1.17,4.669,4.195
427.0,,,5215657.142,-1.35,1.13,2.699,4.2,1.168,1.167,4.682,4.181
428.0,,,5227529.526,-1.35,1.122,2.699,4.199,1.162,1.162,4.662,4.153
429.0,,,5239400.962,-1.35,1.128,2.699,4.199,1.159,1.163,4.65,4.16
430.0,,,5251264.519,-1.35,1.127,2.699,4.2,1.161,1.166,4.659,4.177
431.0,,,5263114.449,-1.35,1.121,2.699,4.2,1.164,1.168,4.669,4.185
432.0,,,5274983.257,-1.35,1.128,2.699,4.199,1.165,1.169,4.671,4.192
433.0,,,5286834.527,-1.35,1.13,2.699,4.2,1.168,1.171,4.68,4.201
434.0,,,5298696.34,-1.35,1.127,2.699,4.2,1.168,1.172,4.68,4.205
435.0,,,5310564.8,-1.35,1.134,2.699,4.199,1.166,1.164,4.672,4.165
436.0,,,5322413.703,-1.35,1.138,2.699,4.199,1.161,1.163,4.658,4.159
437.0,,,5334260.023,-1.35,1.125,2.699,4.199,1.161,1.165,4.656,4.173
438.0,,,5346097.714,-1.35,1.127,2.699,4.2,1.164,1.165,4.666,4.174
439.0,,,5357940.772,-1.35,1.126,2.699,4.199,1.161,1.165,4.655,4.17
440.0,,,5369768.529,-1.35,1.125,2.699,4.2,1.163,1.168,4.664,4.19
441.0,,,5381615.383,-1.35,1.122,2.699,4.2,1.167,1.169,4.677,4.194
442.0,,,5393428.815,-1.35,1.125,2.699,4.2,1.163,1.162,4.658,4.157
443.0,,,5405272.552,-1.35,1.121,2.699,4.199,1.157,1.161,4.643,4.152
444.0,,,5417098.717,-1.35,1.13,2.699,4.199,1.156,1.16,4.639,4.151
445.0,,,5428934.881,-1.349,1.123,2.699,4.199,1.157,1.16,4.64,4.152
446.0,,,5440742.877,-1.35,1.123,2.699,4.199,1.156,1.158,4.636,4.141
447.0,,,5452573.679,-1.35,1.138,2.699,4.2,1.157,1.164,4.641,4.17
448.0,,,5464393.886,-1.35,1.124,2.699,4.2,1.162,1.166,4.66,4.179
449.0,,,5476165.814,-1.35,1.119,2.699,4.2,1.162,1.162,4.657,4.161
450.0,,,5487975.181,-1.35,1.123,2.699,4.199,1.156,1.158,4.636,4.139
451.0,,,5499786.088,-1.35,1.123,2.699,4.199,1.155,1.159,4.635,4.147
452.0,,,5511590.32,-1.35,1.135,2.699,4.2,1.155,1.159,4.634,4.149
453.0,,,5523378.286,-1.35,1.127,2.699,4.199,1.158,1.159,4.645,4.15
454.0,,,5535225.596,-1.35,1.126,2.699,4.199,1.157,1.162,4.64,4.165
455.0,,,5547031.114,-1.35,1.12,2.699,4.2,1.162,1.165,4.658,4.179
456.0,,,5558838.011,-1.35,1.122,2.699,4.2,1.162,1.166,4.658,4.185
457.0,,,5570643.143,-1.35,1.124,2.699,4.2,1.165,1.167,4.669,4.188
458.0,,,5582449.762,-1.35,1.121,2.699,4.2,1.165,1.167,4.669,4.189
459.0,,,5594252.139,-1.35,1.125,2.699,4.2,1.165,1.168,4.668,4.191
460.0,,,5606061.307,-1.35,1.118,2.699,4.2,1.165,1.17,4.668,4.202
461.0,,,5617866.208,-1.35,1.128,2.699,4.2,1.168,1.17,4.68,4.204
462.0,,,5629680.112,-1.35,1.122,2.699,4.2,1.169,1.171,4.68,4.206
463.0,,,5641489.104,-1.35,1.123,2.699,4.2,1.169,1.171,4.679,4.207
464.0,,,5653306.285,-1.35,1.12,2.699,4.2,1.169,1.171,4.681,4.208
465.0,,,5665127.264,-1.35,1.124,2.699,4.2,1.169,1.171,4.68,4.209
466.0,,,5676933.32,-1.35,1.12,2.699,4.2,1.169,1.171,4.68,4.207
467.0,,,5688736.419,-1.35,1.121,2.699,4.2,1.169,1.171,4.679,4.209
468.0,,,5700550.923,-1.35,1.12,2.699,4.2,1.169,1.171,4.679,4.211
469.0,,,5712358.511,-1.35,1.12,2.699,4.2,1.169,1.171,4.678,4.211
470.0,,,5724172.537,-1.35,1.12,2.699,4.2,1.169,1.171,4.679,4.21
471.0,,,5735889.229,-1.35,1.124,2.699,4.2,1.167,1.163,4.67,4.173
472.0,,,5747681.888,-1.35,1.123,2.699,4.2,1.158,1.157,4.642,4.144
473.0,,,5759623.229,-1.35,1.13,2.699,4.2,1.152,1.165,4.638,4.173
474.0,,,5771512.539,-1.35,1.13,2.699,4.2,1.166,1.164,4.675,4.165
475.0,,,5783429.951,-1.35,1.129,2.699,4.2,1.163,1.167,4.665,4.183
476.0,,,5795294.444,-1.35,1.123,2.699,4.2,1.168,1.169,4.679,4.195
477.0,,,5807143.862,-1.35,1.125,2.699,4.2,1.167,1.169,4.677,4.196
478.0,,,5815163.453,-1.35,0.675,2.699,4.199,0.962,0.966,3.817,3.415
479.0,,,5827089.687,-1.35,1.128,2.699,4.2,1.164,1.16,4.67,4.151
480.0,,,5838935.777,-1.35,1.126,2.699,4.2,1.159,1.162,4.65,4.164
481.0,,,5850755.563,-1.35,1.127,2.699,4.2,1.159,1.161,4.646,4.161
482.0,,,5862580.048,-1.35,1.124,2.699,4.2,1.159,1.159,4.646,4.152
483.0,,,5874398.004,-1.35,1.131,2.699,4.2,1.158,1.165,4.645,4.182
484.0,,,5886216.221,-1.35,1.126,2.699,4.2,1.162,1.166,4.655,4.187
485.0,,,5897969.082,-1.35,1.124,2.699,4.2,1.164,1.161,4.661,4.164
486.0,,,5909779.966,-1.35,1.123,2.699,4.2,1.155,1.157,4.631,4.145
487.0,,,5921580.462,-1.35,1.125,2.699,4.2,1.154,1.16,4.629,4.158
488.0,,,5933374.728,-1.35,1.124,2.699,4.2,1.157,1.16,4.64,4.158
489.0,,,5945148.427,-1.35,1.12,2.699,4.2,1.157,1.158,4.638,4.149
490.0,,,5956974.608,-1.35,1.12,2.699,4.2,1.155,1.162,4.633,4.169
491.0,,,5968760.663,-1.35,1.12,2.699,4.2,1.16,1.164,4.649,4.18
492.0,,,5980543.173,-1.35,1.13,2.699,4.2,1.161,1.164,4.649,4.18
493.0,,,5992323.623,-1.35,1.131,2.699,4.2,1.157,1.154,4.639,4.134
494.0,,,6004103.505,-1.35,1.127,2.699,4.2,1.15,1.155,4.615,4.135
495.0,,,6015868.456,-1.35,1.123,2.699,4.2,1.153,1.155,4.623,4.136
496.0,,,6027621.642,-1.35,1.121,2.699,4.2,1.152,1.154,4.62,4.135
497.0,,,6039390.918,-1.35,1.127,2.699,4.2,1.149,1.154,4.609,4.134
498.0,,,6051139.562,-1.35,1.123,2.699,4.2,1.155,1.16,4.63,4.163
499.0,,,6062899.699,-1.35,1.122,2.699,4.2,1.159,1.161,4.643,4.171
500.0,,,6074656.483,-1.35,1.122,2.699,4.2,1.156,1.152,4.629,4.127
501.0,,,6086416.001,-1.35,1.13,2.699,4.2,1.149,1.15,4.61,4.117
502.0,,,6098165.379,-1.35,1.125,2.699,4.199,1.148,1.152,4.607,4.125
503.0,,,6109906.652,-1.35,1.124,2.699,4.2,1.148,1.153,4.605,4.129
504.0,,,6121640.294,-1.35,1.123,2.699,4.2,1.148,1.15,4.605,4.117
505.0,,,6133381.035,-1.35,1.132,2.699,4.2,1.148,1.157,4.605,4.15
506.0,,,6145130.401,-1.35,1.127,2.699,4.2,1.155,1.158,4.63,4.158
507.0,,,6156880.795,-1.35,1.122,2.699,4.2,1.155,1.159,4.629,4.161
508.0,,,6164907.018,-1.35,0.675,2.699,4.196,0.959,0.97,3.802,3.441
509.0,,,6176732.755,-1.35,1.124,2.699,4.2,1.162,1.159,4.657,4.162
510.0,,,6188478.556,-1.35,1.123,2.699,4.2,1.158,1.16,4.641,4.166
511.0,,,6200218.74,-1.35,1.125,2.699,4.2,1.158,1.161,4.64,4.171
512.0,,,6211960.047,-1.35,1.119,2.699,4.2,1.158,1.161,4.639,4.171
513.0,,,6223702.723,-1.35,1.122,2.699,4.2,1.158,1.161,4.639,4.171
514.0,,,6235440.748,-1.35,1.119,2.699,4.2,1.158,1.161,4.638,4.171
515.0,,,6247177.666,-1.35,1.122,2.699,4.2,1.158,1.161,4.637,4.17
516.0,,,6258905.307,-1.35,1.12,2.699,4.2,1.158,1.16,4.636,4.169
517.0,,,6270638.327,-1.35,1.117,2.699,4.2,1.158,1.16,4.637,4.17
518.0,,,6282370.779,-1.35,1.123,2.699,4.2,1.158,1.161,4.636,4.171
519.0,,,6294095.791,-1.35,1.119,2.699,4.2,1.157,1.161,4.635,4.172
520.0,,,6305815.884,-1.35,1.122,2.699,4.2,1.157,1.161,4.635,4.172
521.0,,,6317542.777,-1.35,1.12,2.699,4.2,1.157,1.161,4.635,4.172
522.0,,,6329216.157,-1.35,1.122,2.699,4.2,1.157,1.155,4.631,4.144
523.0,,,6341143.034,-1.35,1.134,2.699,4.2,1.144,1.158,4.606,4.147
524.0,,,6352986.826,-1.35,1.131,2.699,4.2,1.157,1.157,4.639,4.143
525.0,,,6364869.555,-1.35,1.133,2.699,4.2,1.157,1.162,4.644,4.169
526.0,,,6372920.208,-1.35,0.675,2.699,4.198,0.963,0.973,3.821,3.451
527.0,,,6384805.474,-1.35,1.128,2.699,4.2,1.168,1.164,4.681,4.179
528.0,,,6396617.733,-1.35,1.123,2.699,4.2,1.158,1.153,4.639,4.131
529.0,,,6408402.43,-1.35,1.13,2.699,4.2,1.15,1.151,4.614,4.121
530.0,,,6420175.184,-1.35,1.127,2.699,4.2,1.149,1.151,4.611,4.123
531.0,,,6431932.122,-1.35,1.13,2.699,4.2,1.148,1.152,4.606,4.125
532.0,,,6443670.02,-1.35,1.129,2.699,4.2,1.148,1.149,4.603,4.115
533.0,,,6455397.503,-1.35,1.136,2.699,4.2,1.15,1.157,4.613,4.154
534.0,,,6467129.572,-1.35,1.123,2.699,4.2,1.155,1.159,4.626,4.163
535.0,,,6478802.213,-1.35,1.126,2.699,4.2,1.156,1.153,4.631,4.136
536.0,,,6490521.983,-1.35,1.123,2.699,4.2,1.147,1.148,4.599,4.112
537.0,,,6502216.415,-1.35,1.126,2.699,4.2,1.146,1.149,4.596,4.118
538.0,,,6513913.632,-1.35,1.131,2.699,4.2,1.146,1.149,4.595,4.117
539.0,,,6525605.21,-1.35,1.131,2.699,4.2,1.146,1.147,4.595,4.107
540.0,,,6537354.78,-1.35,1.133,2.699,4.2,1.144,1.152,4.591,4.133
541.0,,,6549056.331,-1.35,1.123,2.699,4.2,1.15,1.155,4.607,4.147
542.0,,,6560757.277,-1.35,1.128,2.699,4.2,1.153,1.155,4.618,4.149
543.0,,,6572459.745,-1.35,1.13,2.699,4.2,1.147,1.144,4.599,4.095
544.0,,,6584169.178,-1.35,1.135,2.699,4.2,1.14,1.144,4.574,4.098
545.0,,,6595830.994,-1.35,1.131,2.699,4.2,1.141,1.145,4.577,4.101
546.0,,,6607495.34,-1.35,1.131,2.699,4.199,1.138,1.134,4.565,4.047
547.0,,,6619177.23,-1.35,1.132,2.699,4.199,1.128,1.132,4.535,4.035
548.0,,,6630844.187,-1.35,1.127,2.699,4.2,1.136,1.145,4.562,4.105
549.0,,,6642525.584,-1.35,1.136,2.699,4.2,1.145,1.147,4.59,4.115
550.0,,,6654146.609,-1.35,1.12,2.699,4.2,1.138,1.132,4.562,4.041
551.0,,,6665812.53,-1.349,1.134,2.699,4.199,1.127,1.125,4.53,4.008
552.0,,,6677442.786,-1.35,1.129,2.699,4.199,1.122,1.125,4.513,4.007
553.0,,,6689083.534,-1.35,1.137,2.699,4.199,1.12,1.123,4.502,3.999
554.0,,,6700710.268,-1.35,1.145,2.699,4.199,1.119,1.121,4.499,3.987
555.0,,,6712377.475,-1.35,1.143,2.699,4.2,1.124,1.134,4.521,4.054
556.0,,,6724011.573,-1.35,1.129,2.699,4.2,1.132,1.138,4.545,4.075
557.0,,,6735636.613,-1.35,1.126,2.699,4.2,1.136,1.14,4.556,4.084
558.0,,,6747276.311,-1.35,1.123,2.699,4.2,1.139,1.141,4.569,4.091
559.0,,,6758918.192,-1.35,1.123,2.699,4.2,1.139,1.143,4.569,4.097
560.0,,,6770570.196,-1.35,1.123,2.699,4.2,1.14,1.145,4.571,4.107
561.0,,,6782207.619,-1.35,1.126,2.699,4.2,1.143,1.146,4.58,4.112
562.0,,,6793848.012,-1.35,1.128,2.699,4.2,1.143,1.146,4.581,4.115
563.0,,,6805485.137,-1.35,1.123,2.699,4.2,1.143,1.146,4.58,4.112
564.0,,,6817130.094,-1.35,1.127,2.699,4.2,1.143,1.145,4.581,4.109
565.0,,,6828774.435,-1.35,1.128,2.699,4.2,1.143,1.145,4.581,4.109
566.0,,,6840413.645,-1.35,1.123,2.699,4.2,1.143,1.145,4.581,4.108
567.0,,,6852052.708,-1.35,1.126,2.699,4.2,1.143,1.145,4.58,4.109
568.0,,,6863693.19,-1.35,1.129,2.699,4.2,1.143,1.145,4.58,4.111
569.0,,,6875336.184,-1.35,1.127,2.699,4.2,1.143,1.145,4.58,4.113
570.0,,,6886983.225,-1.35,1.124,2.699,4.2,1.143,1.146,4.58,4.114
571.0,,,6898623.929,-1.35,1.12,2.699,4.2,1.143,1.146,4.579,4.114
572.0,,,6910134.84,-1.349,1.133,2.699,4.2,1.141,1.133,4.57,4.054
573.0,,,6921995.623,-1.35,1.135,2.699,4.199,1.117,1.126,4.511,4.013
574.0,,,6933730.171,-1.35,1.138,2.699,4.199,1.127,1.125,4.532,4.004
575.0,,,6945495.449,-1.35,1.15,2.699,4.2,1.126,1.137,4.529,4.067
576.0,,,6957197.983,-1.35,1.135,2.699,4.2,1.138,1.142,4.57,4.089
577.0,,,6968878.362,-1.35,1.131,2.699,4.2,1.139,1.138,4.567,4.077
578.0,,,6980543.521,-1.35,1.13,2.699,4.2,1.128,1.123,4.534,3.998
579.0,,,6992203.727,-1.35,1.136,2.699,4.199,1.12,1.122,4.505,3.995
580.0,,,7003830.081,-1.35,1.135,2.699,4.199,1.118,1.121,4.498,3.99
581.0,,,7015449.032,-1.35,1.134,2.699,4.199,1.118,1.119,4.496,3.986
582.0,,,7027091.684,-1.35,1.152,2.699,4.2,1.115,1.12,4.487,3.989
583.0,,,7038699.617,-1.35,1.135,2.699,4.2,1.124,1.131,4.514,4.043
584.0,,,7050324.395,-1.35,1.141,2.699,4.2,1.128,1.133,4.528,4.055
585.0,,,7061918.22,-1.35,1.124,2.699,4.199,1.126,1.118,4.52,3.984
586.0,,,7073532.371,-1.35,1.139,2.699,4.199,1.112,1.113,4.471,3.957
587.0,,,7085112.173,-1.35,1.141,2.699,4.199,1.11,1.112,4.465,3.952
588.0,,,7089554.369,0.0,0.675,3.383,4.144,0.807,0.0,3.198,0.0
589.0,,,7096695.775,-1.35,1.072,2.699,4.199,0.3,1.118,1.256,3.98
590.0,,,7108234.439,-1.35,1.126,2.699,4.199,1.112,1.111,4.47,3.955
591.0,,,7119746.611,-1.35,1.13,2.699,4.199,1.107,1.109,4.455,3.947
592.0,,,7131353.964,-1.35,1.134,2.699,4.199,1.106,1.116,4.452,3.98
593.0,,,7142901.409,-1.35,1.125,2.699,4.2,1.118,1.125,4.49,4.023
594.0,,,7154452.37,-1.35,1.124,2.699,4.2,1.122,1.128,4.505,4.034
595.0,,,7166030.927,-1.35,1.124,2.699,4.199,1.12,1.112,4.499,3.959
596.0,,,7177595.534,-1.35,1.13,2.699,4.199,1.106,1.11,4.451,3.947
597.0,,,7189134.139,-1.349,1.127,2.699,4.199,1.108,1.109,4.458,3.946
598.0,,,7200674.282,-1.35,1.143,2.699,4.199,1.105,1.107,4.447,3.935
599.0,,,7212219.944,-1.35,1.131,2.699,4.199,1.104,1.105,4.443,3.927
600.0,,,7223772.344,-1.35,1.132,2.699,4.2,1.107,1.118,4.455,3.991
601.0,,,7235344.009,-1.35,1.129,2.699,4.2,1.118,1.122,4.492,4.011
602.0,,,7246820.309,-1.35,1.128,2.699,4.2,1.117,1.115,4.485,3.975
603.0,,,7258371.913,-1.35,1.135,2.699,4.199,1.108,1.106,4.456,3.933
604.0,,,7269908.226,-1.35,1.14,2.699,4.199,1.104,1.106,4.443,3.934
605.0,,,7281455.001,-1.35,1.13,2.699,4.199,1.101,1.103,4.432,3.919
606.0,,,7292985.572,-1.35,1.135,2.699,4.199,1.1,1.101,4.43,3.913
607.0,,,7304601.001,-1.35,1.133,2.699,4.199,1.099,1.108,4.425,3.945
608.0,,,7316141.63,-1.35,1.128,2.699,4.199,1.11,1.115,4.463,3.979
609.0,,,7327673.497,-1.35,1.133,2.699,4.2,1.113,1.117,4.474,3.988
610.0,,,7339250.229,-1.35,1.141,2.699,4.199,1.109,1.102,4.46,3.916
611.0,,,7350789.729,-1.35,1.139,2.699,4.199,1.1,1.105,4.427,3.932
612.0,,,7362306.826,-1.349,1.133,2.699,4.199,1.103,1.107,4.437,3.939
613.0,,,7373823.643,-1.35,1.139,2.699,4.199,1.103,1.106,4.437,3.939
614.0,,,7381312.677,-1.349,0.675,2.699,4.197,0.891,0.905,3.545,3.179
615.0,,,7393005.677,-1.35,1.134,2.699,4.199,1.114,1.111,4.483,3.962
616.0,,,7404537.168,-1.35,1.135,2.699,4.2,1.11,1.115,4.461,3.98
617.0,,,7416065.593,-1.35,1.127,2.699,4.2,1.113,1.115,4.473,3.984
618.0,,,7427602.396,-1.35,1.136,2.699,4.199,1.108,1.106,4.452,3.938
619.0,,,7439121.407,-1.35,1.137,2.699,4.2,1.103,1.107,4.437,3.943
620.0,,,7450635.028,-1.349,1.139,2.699,4.199,1.103,1.107,4.436,3.943
621.0,,,7462147.867,-1.35,1.134,2.699,4.199,1.103,1.107,4.435,3.941
622.0,,,7473677.535,-1.35,1.136,2.699,4.199,1.103,1.105,4.437,3.934
623.0,,,7485184.692,-1.35,1.132,2.699,4.2,1.105,1.113,4.442,3.975
624.0,,,7496709.23,-1.35,1.131,2.699,4.2,1.11,1.115,4.459,3.982
625.0,,,7508230.062,-1.35,1.13,2.699,4.2,1.112,1.116,4.469,3.986
626.0,,,7519759.052,-1.35,1.131,2.699,4.2,1.113,1.116,4.47,3.988
627.0,,,7531287.425,-1.35,1.133,2.699,4.2,1.113,1.116,4.47,3.99
628.0,,,7542820.73,-1.35,1.131,2.699,4.2,1.113,1.117,4.471,3.993
629.0,,,7554365.577,-1.35,1.135,2.699,4.2,1.113,1.118,4.471,3.998
630.0,,,7565903.38,-1.35,1.133,2.699,4.2,1.116,1.119,4.482,4.003
631.0,,,7577437.307,-1.35,1.132,2.699,4.2,1.116,1.119,4.482,4.004
632.0,,,7588967.678,-1.35,1.13,2.699,4.2,1.116,1.119,4.481,4.005
633.0,,,7600500.526,-1.35,1.14,2.699,4.2,1.116,1.119,4.482,4.004
634.0,,,7612024.165,-1.35,1.129,2.699,4.2,1.116,1.119,4.48,4.003
635.0,,,7623549.184,-1.35,1.126,2.699,4.2,1.116,1.119,4.48,4.003
636.0,,,7635077.312,-1.35,1.129,2.699,4.2,1.116,1.117,4.482,3.995
637.0,,,7646601.936,-1.35,1.14,2.699,4.2,1.116,1.117,4.48,3.994
638.0,,,7658122.147,-1.35,1.131,2.699,4.2,1.115,1.117,4.48,3.994
639.0,,,7669964.494,-1.35,1.135,2.699,4.199,1.099,1.11,4.443,3.953
640.0,,,7681634.359,-1.35,1.13,2.699,4.199,1.111,1.11,4.47,3.952
641.0,,,7693349.385,-1.349,1.139,2.699,4.199,1.109,1.115,4.461,3.975
642.0,,,7704967.435,-1.35,1.139,2.699,4.2,1.116,1.12,4.487,4.002
643.0,,,7716567.326,-1.35,1.129,2.699,4.2,1.119,1.121,4.496,4.005
644.0,,,7728176.106,-1.35,1.131,2.699,4.199,1.114,1.109,4.476,3.949
645.0,,,7739740.756,-1.35,1.139,2.699,4.199,1.105,1.108,4.444,3.943
646.0,,,7751294.606,-1.35,1.132,2.699,4.199,1.104,1.107,4.44,3.943
647.0,,,7762844.501,-1.35,1.131,2.699,4.199,1.104,1.106,4.439,3.936
648.0,,,7774380.516,-1.35,1.141,2.699,4.2,1.103,1.104,4.437,3.929
649.0,,,7785903.057,-1.35,1.142,2.699,4.2,1.105,1.112,4.444,3.971
650.0,,,7797428.681,-1.35,1.144,2.699,4.2,1.109,1.114,4.458,3.977
651.0,,,7808877.313,-1.35,1.13,2.699,4.2,1.11,1.106,4.462,3.942
652.0,,,7820380.771,-1.35,1.14,2.699,4.199,1.101,1.101,4.43,3.917
653.0,,,7831903.515,-1.35,1.132,2.699,4.199,1.098,1.104,4.419,3.93
654.0,,,7843417.666,-1.35,1.14,2.699,4.199,1.101,1.103,4.43,3.926
655.0,,,7854910.628,-1.35,1.133,2.699,4.199,1.098,1.101,4.416,3.919
656.0,,,7866466.989,-1.35,1.143,2.699,4.199,1.099,1.105,4.42,3.94
657.0,,,7877962.253,-1.35,1.136,2.699,4.2,1.104,1.108,4.438,3.957
658.0,,,7889454.608,-1.35,1.148,2.699,4.2,1.107,1.109,4.451,3.96
659.0,,,7900975.304,-1.35,1.14,2.699,4.199,1.102,1.099,4.431,3.911
660.0,,,7912473.358,-1.35,1.134,2.699,4.199,1.094,1.097,4.402,3.902
661.0,,,7923935.455,-1.35,1.133,2.699,4.199,1.096,1.098,4.411,3.909
662.0,,,7935406.354,-1.35,1.135,2.699,4.199,1.096,1.097,4.409,3.905
663.0,,,7946883.877,-1.349,1.15,2.699,4.199,1.093,1.094,4.399,3.888
664.0,,,7958353.335,-1.35,1.142,2.699,4.2,1.095,1.102,4.408,3.93
665.0,,,7969839.397,-1.35,1.145,2.699,4.2,1.1,1.104,4.422,3.939
666.0,,,7981239.323,-1.35,1.133,2.699,4.2,1.101,1.098,4.427,3.909
667.0,,,7992707.627,-1.35,1.139,2.699,4.199,1.092,1.092,4.395,3.883
668.0,,,8004160.756,-1.35,1.143,2.699,4.199,1.091,1.094,4.393,3.893
669.0,,,8015610.675,-1.35,1.14,2.699,4.199,1.091,1.094,4.392,3.893
670.0,,,8027061.99,-1.35,1.142,2.699,4.199,1.091,1.093,4.392,3.89
671.0,,,8038575.762,-1.35,1.145,2.699,4.199,1.09,1.097,4.387,3.905
672.0,,,8050026.61,-1.35,1.137,2.699,4.2,1.095,1.1,4.404,3.923
673.0,,,8061483.433,-1.35,1.146,2.699,4.2,1.099,1.101,4.417,3.927
674.0,,,8072940.029,-1.35,1.133,2.699,4.2,1.099,1.101,4.417,3.93
675.0,,,8084399.491,-1.35,1.135,2.699,4.2,1.099,1.102,4.417,3.932
676.0,,,8095858.733,-1.35,1.134,2.699,4.2,1.098,1.102,4.415,3.935
677.0,,,8107302.948,-1.35,1.136,2.699,4.2,1.098,1.103,4.414,3.938
678.0,,,8118747.109,-1.35,1.135,2.699,4.2,1.101,1.103,4.425,3.94
679.0,,,8130189.365,-1.35,1.134,2.699,4.2,1.101,1.104,4.425,3.942
680.0,,,8141630.342,-1.35,1.135,2.699,4.2,1.101,1.104,4.425,3.944
681.0,,,8153070.323,-1.35,1.141,2.699,4.2,1.101,1.104,4.425,3.946
682.0,,,8164513.287,-1.35,1.133,2.699,4.2,1.101,1.105,4.424,3.948
683.0,,,8175952.239,-1.35,1.139,2.699,4.2,1.101,1.105,4.424,3.949
684.0,,,8187393.3,-1.35,1.134,2.699,4.2,1.101,1.105,4.424,3.95
685.0,,,8198825.654,-1.35,1.145,2.699,4.2,1.101,1.105,4.423,3.952
686.0,,,8210249.991,-1.35,1.134,2.699,4.2,1.104,1.105,4.434,3.953
687.0,,,8221672.266,-1.35,1.13,2.699,4.2,1.104,1.106,4.433,3.954
688.0,,,8233109.173,-1.349,1.13,2.699,4.2,1.104,1.105,4.435,3.954
689.0,,,8244896.012,-1.35,1.159,2.699,4.199,1.085,1.084,4.391,3.843
690.0,,,8256461.336,-1.35,1.141,2.699,4.199,1.086,1.084,4.376,3.842
691.0,,,8268079.502,-1.35,1.159,2.699,4.199,1.083,1.09,4.367,3.871
692.0,,,8279583.392,-1.35,1.151,2.699,4.2,1.09,1.096,4.389,3.904
693.0,,,8291076.832,-1.35,1.141,2.699,4.2,1.093,1.098,4.399,3.913
694.0,,,8302582.696,-1.35,1.135,2.699,4.199,1.091,1.088,4.391,3.864
695.0,,,8314047.237,-1.35,1.14,2.699,4.199,1.085,1.087,4.371,3.864
696.0,,,8325517.126,-1.35,1.147,2.699,4.199,1.085,1.088,4.37,3.868
697.0,,,8336961.204,-1.35,1.137,2.699,4.199,1.087,1.089,4.377,3.872
698.0,,,8348396.789,-1.35,1.135,2.699,4.199,1.084,1.088,4.364,3.868
699.0,,,8359787.449,-1.35,1.136,2.699,4.2,1.086,1.093,4.371,3.893
700.0,,,8371201.82,-1.35,1.134,2.699,4.2,1.09,1.094,4.384,3.899
701.0,,,8382543.963,-1.35,1.137,2.699,4.2,1.089,1.089,4.379,3.874
702.0,,,8393939.051,-1.35,1.145,2.699,4.199,1.083,1.085,4.36,3.858
703.0,,,8405336.721,-1.35,1.145,2.699,4.199,1.083,1.085,4.359,3.86
704.0,,,8416729.34,-1.35,1.14,2.699,4.199,1.082,1.086,4.358,3.865
705.0,,,8428114.139,-1.35,1.14,2.699,4.199,1.082,1.086,4.356,3.863
706.0,,,8439542.184,-1.349,1.142,2.699,4.199,1.082,1.088,4.358,3.872
707.0,,,8450935.535,-1.35,1.138,2.699,4.2,1.085,1.09,4.367,3.886
708.0,,,8462345.061,-1.35,1.136,2.699,4.2,1.089,1.091,4.38,3.888
709.0,,,8473728.136,-1.349,1.135,2.699,4.199,1.085,1.082,4.364,3.844
710.0,,,8480975.152,-1.349,0.675,2.699,4.198,0.861,0.875,3.432,3.066
711.0,,,8492488.952,-1.349,1.146,2.699,4.199,1.085,1.08,4.369,3.836
712.0,,,8503879.148,-1.35,1.138,2.699,4.199,1.078,1.079,4.341,3.836
713.0,,,8515258.47,-1.349,1.156,2.699,4.199,1.078,1.079,4.342,3.832
714.0,,,8526676.937,-1.35,1.151,2.699,4.199,1.078,1.084,4.343,3.858
715.0,,,8538055.754,-1.35,1.135,2.699,4.2,1.084,1.087,4.361,3.875
716.0,,,8549428.916,-1.35,1.138,2.699,4.2,1.084,1.089,4.361,3.882
717.0,,,8560815.097,-1.35,1.135,2.699,4.199,1.084,1.085,4.362,3.862
718.0,,,8572180.986,-1.35,1.143,2.699,4.199,1.08,1.083,4.347,3.854
719.0,,,8583545.982,-1.35,1.137,2.699,4.199,1.08,1.085,4.346,3.865
720.0,,,8594900.154,-1.35,1.137,2.699,4.2,1.083,1.086,4.355,3.869
721.0,,,8606253.745,-1.35,1.145,2.699,4.2,1.083,1.085,4.356,3.866
722.0,,,8617609.066,-1.35,1.135,2.699,4.2,1.083,1.09,4.356,3.89
723.0,,,8628969.33,-1.35,1.136,2.699,4.2,1.086,1.091,4.367,3.897
724.0,,,8640330.594,-1.35,1.135,2.699,4.2,1.089,1.092,4.379,3.901
725.0,,,8647764.159,-1.35,0.675,2.699,4.197,0.884,0.898,3.518,3.168
726.0,,,8659240.225,-1.35,1.131,2.699,4.2,1.099,1.092,4.416,3.903
727.0,,,8670624.83,-1.35,1.132,2.699,4.2,1.091,1.094,4.384,3.909
728.0,,,8681999.878,-1.35,1.134,2.699,4.2,1.091,1.095,4.382,3.914
729.0,,,8693388.05,-1.35,1.129,2.699,4.2,1.094,1.095,4.395,3.917
730.0,,,8704773.698,-1.35,1.136,2.699,4.2,1.094,1.096,4.394,3.919
731.0,,,8716158.275,-1.35,1.135,2.699,4.2,1.094,1.096,4.394,3.921
732.0,,,8727532.378,-1.35,1.13,2.699,4.2,1.093,1.096,4.393,3.922
733.0,,,8738900.433,-1.35,1.137,2.699,4.2,1.093,1.096,4.392,3.922
734.0,,,8750263.609,-1.35,1.128,2.699,4.2,1.093,1.096,4.391,3.921
735.0,,,8761634.263,-1.35,1.131,2.699,4.2,1.093,1.096,4.392,3.922
736.0,,,8773005.048,-1.35,1.13,2.699,4.2,1.093,1.097,4.392,3.926
737.0,,,8784369.042,-1.35,1.141,2.699,4.2,1.093,1.097,4.392,3.925
738.0,,,8795733.121,-1.35,1.131,2.699,4.2,1.093,1.096,4.39,3.924
739.0,,,8807408.639,-1.35,1.135,2.699,4.2,1.082,1.094,4.373,3.906
740.0,,,8818908.474,-1.35,1.139,2.699,4.2,1.095,1.095,4.404,3.909
741.0,,,8830384.842,-1.35,1.14,2.699,4.2,1.094,1.097,4.399,3.916
742.0,,,8841832.231,-1.35,1.136,2.699,4.2,1.097,1.102,4.407,3.941
743.0,,,8853261.954,-1.35,1.135,2.699,4.2,1.1,1.102,4.418,3.944
744.0,,,8864669.822,-1.35,1.145,2.699,4.2,1.099,1.097,4.414,3.92
745.0,,,8876065.928,-1.35,1.131,2.699,4.2,1.092,1.092,4.389,3.899
746.0,,,8887457.38,-1.35,1.135,2.699,4.2,1.091,1.093,4.386,3.902
747.0,,,8894886.138,-1.35,0.675,2.699,4.198,0.884,0.897,3.517,3.165
748.0,,,8906377.081,-1.35,1.139,2.699,4.2,1.097,1.091,4.41,3.896
749.0,,,8917791.42,-1.35,1.137,2.699,4.2,1.088,1.095,4.376,3.913
750.0,,,8929166.692,-1.35,1.139,2.699,4.2,1.094,1.099,4.395,3.935
751.0,,,8940558.942,-1.35,1.136,2.699,4.2,1.098,1.1,4.409,3.939
752.0,,,8951925.355,-1.35,1.132,2.699,4.2,1.094,1.093,4.393,3.909
753.0,,,8963273.036,-1.35,1.138,2.699,4.2,1.09,1.09,4.38,3.894
754.0,,,8974620.082,-1.35,1.136,2.699,4.2,1.086,1.09,4.366,3.893
755.0,,,8985953.599,-1.35,1.137,2.699,4.2,1.086,1.088,4.364,3.885
756.0,,,8993333.306,-1.35,0.675,2.699,4.198,0.878,0.891,3.494,3.142
757.0,,,9004830.242,-1.35,1.148,2.699,4.2,1.095,1.091,4.404,3.901
758.0,,,9016192.892,-1.35,1.134,2.699,4.2,1.093,1.095,4.39,3.921
759.0,,,9027528.571,-1.35,1.136,2.699,4.2,1.092,1.095,4.387,3.922
760.0,,,9038869.032,-1.35,1.135,2.699,4.2,1.089,1.089,4.375,3.891
761.0,,,9050193.388,-1.35,1.134,2.699,4.2,1.085,1.085,4.361,3.874
762.0,,,9056497.773,0.0,1.148,3.354,4.2,1.021,0.0,4.095,0.0
763.0,,,9061513.729,-1.35,0.649,2.699,4.2,0.075,1.1,0.316,3.949
764.0,,,9072603.618,-1.35,1.127,2.699,4.2,1.084,1.091,4.351,3.921
765.0,,,9083734.724,-1.35,1.134,2.699,4.2,1.079,1.069,4.333,3.82
766.0,,,9094844.902,-1.35,1.133,2.699,4.199,1.061,1.064,4.27,3.795
767.0,,,9105954.15,-1.35,1.131,2.699,4.2,1.066,1.08,4.287,3.871
768.0,,,9117115.493,-1.35,1.128,2.699,4.2,1.079,1.084,4.336,3.885
769.0,,,9128150.381,-1.35,1.13,2.699,4.2,1.077,1.071,4.325,3.828
770.0,,,9139279.394,-1.349,1.138,2.699,4.2,1.063,1.06,4.276,3.774
771.0,,,9150396.461,-1.349,1.136,2.699,4.199,1.055,1.056,4.249,3.758
772.0,,,9161521.934,-1.35,1.138,2.699,4.199,1.052,1.054,4.238,3.746
773.0,,,9172627.788,-1.35,1.141,2.699,4.199,1.051,1.052,4.236,3.74
774.0,,,9183801.075,-1.35,1.145,2.699,4.199,1.049,1.056,4.229,3.757
775.0,,,9194929.196,-1.35,1.137,2.699,4.2,1.058,1.067,4.258,3.806
776.0,,,9206080.833,-1.35,1.14,2.699,4.2,1.066,1.07,4.288,3.821
777.0,,,9217193.925,-1.35,1.132,2.699,4.199,1.061,1.054,4.267,3.746
778.0,,,9228322.663,-1.35,1.16,2.699,4.199,1.049,1.048,4.229,3.721
779.0,,,9239413.392,-1.35,1.141,2.699,4.199,1.044,1.047,4.211,3.716
780.0,,,9250516.983,-1.349,1.165,2.699,4.199,1.045,1.046,4.213,3.71
781.0,,,9261610.407,-1.35,1.147,2.699,4.199,1.041,1.042,4.2,3.694
782.0,,,9272808.527,-1.35,1.146,2.699,4.199,1.041,1.052,4.2,3.742
783.0,,,9283958.517,-1.35,1.142,2.699,4.2,1.052,1.059,4.238,3.773
784.0,,,9295097.813,-1.35,1.142,2.699,4.2,1.058,1.061,4.261,3.784
785.0,,,9306235.43,-1.35,1.138,2.699,4.199,1.053,1.043,4.243,3.696
786.0,,,9317349.128,-1.35,1.141,2.699,4.199,1.038,1.041,4.186,3.688
787.0,,,9328426.227,-1.349,1.141,2.699,4.199,1.037,1.04,4.182,3.685
788.0,,,9339519.346,-1.35,1.142,2.699,4.199,1.037,1.039,4.184,3.682
789.0,,,9350610.385,-1.35,1.14,2.699,4.199,1.034,1.035,4.172,3.663
790.0,,,9361697.987,-1.35,1.146,2.699,4.199,1.03,1.033,4.16,3.655
791.0,,,9372789.112,-1.35,1.151,2.699,4.199,1.03,1.032,4.161,3.649
792.0,,,9383883.679,-1.35,1.147,2.699,4.199,1.03,1.031,4.159,3.643
793.0,,,9394977.958,-1.35,1.149,2.699,4.199,1.027,1.03,4.148,3.64
794.0,,,9406088.932,-1.35,1.17,2.699,4.199,1.027,1.033,4.149,3.652
795.0,,,9417254.895,-1.35,1.164,2.699,4.199,1.032,1.041,4.168,3.694
796.0,,,9428361.659,-1.349,1.145,2.699,4.199,1.04,1.046,4.194,3.717
797.0,,,9439481.171,-1.349,1.141,2.699,4.199,1.044,1.045,4.208,3.713
798.0,,,9450603.701,-1.35,1.156,2.699,4.199,1.044,1.046,4.209,3.715
799.0,,,9461721.852,-1.35,1.14,2.699,4.199,1.043,1.046,4.205,3.719
800.0,,,9472845.762,-1.35,1.143,2.699,4.199,1.044,1.048,4.206,3.724
801.0,,,9483971.255,-1.35,1.141,2.699,4.199,1.044,1.048,4.207,3.727
802.0,,,9495098.095,-1.35,1.143,2.699,4.2,1.047,1.049,4.219,3.73
803.0,,,9506224.277,-1.349,1.146,2.699,4.2,1.047,1.049,4.219,3.732
804.0,,,9517334.347,-1.35,1.157,2.699,4.2,1.047,1.049,4.22,3.731
805.0,,,9528454.12,-1.35,1.139,2.699,4.199,1.047,1.048,4.218,3.728
806.0,,,9539581.803,-1.35,1.143,2.699,4.199,1.047,1.048,4.219,3.725
807.0,,,9550691.308,-1.349,1.147,2.699,4.2,1.044,1.047,4.206,3.721
808.0,,,9561809.09,-1.35,1.142,2.699,4.199,1.044,1.047,4.206,3.72
809.0,,,9572916.884,-1.35,1.149,2.699,4.199,1.043,1.046,4.205,3.718
810.0,,,9584025.961,-1.35,1.142,2.699,4.2,1.043,1.046,4.203,3.719
811.0,,,9595111.174,-1.35,1.139,2.699,4.2,1.042,1.047,4.201,3.721
812.0,,,9606209.314,-1.35,1.142,2.699,4.199,1.043,1.047,4.202,3.722
813.0,,,9617655.991,-1.35,1.145,2.699,4.2,1.034,1.056,4.188,3.762
814.0,,,9628922.973,-1.35,1.147,2.699,4.2,1.06,1.059,4.268,3.772
815.0,,,9640141.972,-1.35,1.156,2.699,4.2,1.058,1.056,4.262,3.758
816.0,,,9651341.637,-1.35,1.146,2.699,4.2,1.054,1.054,4.245,3.751
817.0,,,9662537.844,-1.35,1.142,2.699,4.2,1.053,1.054,4.244,3.748
818.0,,,9673726.459,-1.35,1.156,2.699,4.199,1.05,1.053,4.233,3.748
819.0,,,9684908.698,-1.35,1.142,2.699,4.199,1.05,1.055,4.229,3.753
820.0,,,9696072.137,-1.35,1.147,2.699,4.2,1.052,1.056,4.238,3.761
821.0,,,9707243.334,-1.35,1.14,2.699,4.2,1.053,1.057,4.239,3.766
822.0,,,9718386.591,-1.35,1.145,2.699,4.2,1.055,1.055,4.248,3.757
823.0,,,9729527.923,-1.35,1.148,2.699,4.2,1.052,1.053,4.236,3.746
824.0,,,9740673.959,-1.35,1.152,2.699,4.2,1.049,1.052,4.226,3.742
825.0,,,9751808.969,-1.35,1.145,2.699,4.2,1.048,1.051,4.221,3.738
826.0,,,9762930.859,-1.35,1.14,2.699,4.2,1.047,1.05,4.218,3.734
827.0,,,9774055.58,-1.35,1.147,2.699,4.2,1.047,1.05,4.219,3.734
828.0,,,9785306.573,-1.35,1.151,2.699,4.2,1.05,1.063,4.23,3.796
829.0,,,9796433.665,-1.35,1.144,2.699,4.2,1.055,1.046,4.247,3.72
830.0,,,9807522.18,-1.35,1.148,2.699,4.2,1.042,1.043,4.201,3.705
831.0,,,9818619.901,-1.35,1.151,2.699,4.199,1.039,1.04,4.191,3.691
832.0,,,9829697.816,-1.35,1.143,2.699,4.199,1.035,1.038,4.176,3.681
833.0,,,9840765.598,-1.35,1.145,2.699,4.199,1.035,1.036,4.175,3.674
834.0,,,9851829.417,-1.35,1.151,2.699,4.199,1.032,1.034,4.162,3.667
835.0,,,9862923.202,-1.349,1.149,2.699,4.199,1.032,1.036,4.164,3.674
836.0,,,9873987.238,-1.35,1.163,2.699,4.199,1.034,1.036,4.171,3.676
837.0,,,9885051.963,-1.35,1.15,2.699,4.199,1.034,1.036,4.172,3.678
838.0,,,9896115.656,-1.35,1.152,2.699,4.199,1.034,1.033,4.17,3.665
839.0,,,9907179.085,-1.35,1.152,2.699,4.199,1.031,1.031,4.158,3.656
840.0,,,9918218.621,-1.35,1.148,2.699,4.199,1.026,1.026,4.14,3.63
841.0,,,9924963.608,-1.349,0.675,2.699,4.199,0.799,0.813,3.19,2.837
842.0,,,9936145.541,-1.349,1.154,2.699,4.199,1.03,1.019,4.16,3.604
843.0,,,9947201.225,-1.349,1.156,2.699,4.199,1.019,1.021,4.117,3.612
844.0,,,9958211.879,-1.349,1.148,2.699,4.199,1.018,1.022,4.112,3.615
845.0,,,9969225.585,-1.35,1.164,2.699,4.199,1.018,1.022,4.11,3.615
846.0,,,9980226.381,-1.349,1.153,2.699,4.199,1.018,1.019,4.109,3.605
847.0,,,9991219.94,-1.35,1.155,2.699,4.199,1.017,1.017,4.109,3.595
848.0,,,10002198.136,-1.349,1.149,2.699,4.199,1.013,1.016,4.094,3.591
849.0,,,10013180.443,-1.349,1.155,2.699,4.199,1.014,1.015,4.095,3.587
850.0,,,10024158.966,-1.35,1.149,2.699,4.199,1.013,1.014,4.094,3.584
851.0,,,10035135.505,-1.349,1.158,2.699,4.199,1.01,1.014,4.082,3.582
852.0,,,10046108.775,-1.349,1.164,2.699,4.199,1.013,1.016,4.093,3.592
853.0,,,10057089.853,-1.349,1.161,2.699,4.199,1.013,1.017,4.093,3.595
854.0,,,10068059.798,-1.35,1.155,2.699,4.199,1.014,1.016,4.094,3.593
855.0,,,10079039.047,-1.349,1.147,2.699,4.199,1.013,1.016,4.093,3.594
856.0,,,10090016.941,-1.35,1.15,2.699,4.199,1.013,1.015,4.093,3.59
857.0,,,10100996.169,-1.349,1.156,2.699,4.199,1.013,1.015,4.093,3.59
858.0,,,10111968.344,-1.349,1.154,2.699,4.199,1.013,1.014,4.092,3.588
859.0,,,10122951.992,-1.349,1.154,2.699,4.199,1.013,1.014,4.093,3.585
860.0,,,10133934.337,-1.35,1.152,2.699,4.199,1.01,1.013,4.079,3.584
861.0,,,10144908.598,-1.349,1.147,2.699,4.199,1.012,1.013,4.089,3.582
862.0,,,10155885.474,-1.349,1.156,2.699,4.199,1.009,1.013,4.078,3.581
863.0,,,10167286.084,-1.349,1.148,2.699,4.199,0.993,1.02,4.039,3.622
864.0,,,10178413.292,-1.349,1.149,2.699,4.199,1.029,1.022,4.152,3.624
865.0,,,10189485.846,-1.35,1.149,2.699,4.199,1.023,1.022,4.131,3.618
866.0,,,10200545.918,-1.349,1.171,2.699,4.199,1.019,1.022,4.116,3.617
867.0,,,10211599.426,-1.349,1.148,2.699,4.199,1.019,1.021,4.116,3.615
868.0,,,10222646.633,-1.349,1.15,2.699,4.199,1.019,1.021,4.115,3.613
869.0,,,10233708.174,-1.35,1.149,2.699,4.199,1.019,1.023,4.116,3.622
870.0,,,10244795.016,-1.35,1.146,2.699,4.199,1.023,1.029,4.131,3.651
871.0,,,10255855.623,-1.35,1.15,2.699,4.199,1.026,1.024,4.142,3.626
872.0,,,10266877.817,-1.35,1.147,2.699,4.199,1.021,1.02,4.122,3.608
873.0,,,10277869.242,-1.35,1.153,2.699,4.199,1.017,1.016,4.109,3.589
874.0,,,10288870.932,-1.349,1.159,2.699,4.199,1.011,1.013,4.086,3.575
875.0,,,10299861.455,-1.349,1.177,2.699,4.199,1.01,1.011,4.083,3.566
876.0,,,10310847.435,-1.35,1.154,2.699,4.199,1.007,1.009,4.071,3.562
877.0,,,10317438.553,-1.349,0.675,2.699,4.197,0.777,0.796,3.108,2.77
878.0,,,10328605.541,-1.35,1.154,2.699,4.199,1.018,1.011,4.116,3.571
879.0,,,10339622.31,-1.349,1.15,2.699,4.199,1.011,1.013,4.084,3.58
880.0,,,10350577.352,-1.349,1.155,2.699,4.199,1.012,1.01,4.089,3.568
881.0,,,10361566.434,-1.349,1.155,2.699,4.199,1.006,1.006,4.068,3.55
882.0,,,10372529.423,-1.349,1.152,2.699,4.199,1.002,1.005,4.052,3.543
883.0,,,10383503.634,-1.349,1.154,2.699,4.199,1.002,1.004,4.053,3.54
884.0,,,10394467.096,-1.349,1.152,2.699,4.199,1.001,1.003,4.05,3.534
885.0,,,10405440.31,-1.349,1.149,2.699,4.199,1.001,1.004,4.05,3.543
886.0,,,10416390.679,-1.349,1.158,2.699,4.199,1.004,1.006,4.058,3.55
887.0,,,10427343.198,-1.349,1.161,2.699,4.199,1.004,1.005,4.057,3.548
888.0,,,10438277.321,-1.35,1.171,2.699,4.199,1.0,1.002,4.04,3.532
889.0,,,10449211.552,-1.349,1.151,2.699,4.199,0.999,1.0,4.042,3.523
890.0,,,10460134.455,-1.349,1.155,2.699,4.199,0.996,0.998,4.029,3.517
891.0,,,10471056.829,-1.35,1.173,2.699,4.199,0.995,0.998,4.025,3.517
892.0,,,10481978.236,-1.349,1.152,2.699,4.199,0.996,0.997,4.028,3.512
893.0,,,10492909.805,-1.349,1.163,2.699,4.199,0.993,0.996,4.016,3.509
894.0,,,10503840.456,-1.35,1.155,2.699,4.199,0.993,0.995,4.016,3.506
895.0,,,10514819.113,-1.35,1.159,2.699,4.199,0.993,1.0,4.018,3.528
896.0,,,10525751.158,-1.35,1.148,2.699,4.199,0.999,1.006,4.038,3.555
897.0,,,10536694.238,-1.35,1.166,2.699,4.199,1.003,1.008,4.051,3.563
898.0,,,10547635.638,-1.35,1.152,2.699,4.199,1.006,1.009,4.064,3.569
899.0,,,10558583.569,-1.349,1.153,2.699,4.199,1.007,1.009,4.066,3.572
900.0,,,10569516.763,-1.35,1.155,2.699,4.199,1.006,1.01,4.064,3.573
901.0,,,10580452.233,-1.35,1.153,2.699,4.199,1.007,1.01,4.064,3.575
902.0,,,10591388.738,-1.35,1.151,2.699,4.199,1.009,1.01,4.074,3.577
903.0,,,10602323.708,-1.349,1.153,2.699,4.199,1.009,1.011,4.076,3.58
904.0,,,10613262.283,-1.35,1.155,2.699,4.199,1.01,1.011,4.077,3.58
905.0,,,10624197.679,-1.35,1.154,2.699,4.199,1.01,1.011,4.076,3.579
906.0,,,10635127.354,-1.35,1.166,2.699,4.199,1.009,1.01,4.074,3.578
907.0,,,10646080.512,-1.349,1.154,2.699,4.199,1.01,1.01,4.077,3.578
908.0,,,10652733.127,-1.35,0.675,2.699,4.195,0.784,0.802,3.13,2.803
909.0,,,10663780.057,-1.35,1.151,2.699,4.199,1.012,0.996,4.085,3.513
910.0,,,10674694.059,-1.349,1.154,2.699,4.199,0.995,0.996,4.024,3.512
911.0,,,10685593.764,-1.35,1.159,2.699,4.199,0.994,0.996,4.021,3.512
912.0,,,10696476.573,-1.349,1.155,2.699,4.199,0.991,0.992,4.009,3.497
913.0,,,10707722.226,-1.349,1.166,2.699,4.199,0.978,0.996,3.98,3.519
914.0,,,10718772.79,-1.35,1.169,2.699,4.199,1.002,1.003,4.054,3.543
915.0,,,10729736.589,-1.35,1.155,2.699,4.199,1.001,0.997,4.047,3.517
916.0,,,10740693.638,-1.35,1.154,2.699,4.199,0.994,0.995,4.021,3.505
917.0,,,10751661.26,-1.349,1.158,2.699,4.199,0.994,0.998,4.02,3.518
918.0,,,10762587.288,-1.35,1.15,2.699,4.199,0.996,0.999,4.027,3.523
919.0,,,10773522.077,-1.349,1.155,2.699,4.199,0.996,0.999,4.028,3.525
920.0,,,10784454.509,-1.35,1.154,2.699,4.199,0.999,1.001,4.038,3.537
921.0,,,10795362.561,-1.35,1.155,2.699,4.199,0.998,1.002,4.035,3.539
922.0,,,10806265.66,-1.35,1.173,2.699,4.199,0.997,0.999,4.03,3.526
923.0,,,10817167.462,-1.35,1.149,2.699,4.199,0.994,0.998,4.02,3.521
924.0,,,10828064.945,-1.35,1.163,2.699,4.199,0.994,0.996,4.019,3.515
925.0,,,10838944.104,-1.349,1.159,2.699,4.199,0.991,0.991,4.005,3.491
926.0,,,10849809.185,-1.349,1.152,2.699,4.199,0.987,0.989,3.992,3.483
927.0,,,10860666.786,-1.349,1.159,2.699,4.199,0.986,0.989,3.989,3.482
928.0,,,10871516.953,-1.35,1.15,2.699,4.199,0.986,0.987,3.988,3.476
929.0,,,10882372.794,-1.35,1.149,2.699,4.199,0.983,0.986,3.977,3.472
930.0,,,10893221.784,-1.349,1.16,2.699,4.199,0.982,0.985,3.975,3.468
931.0,,,10894392.338,0.0,0.674,3.456,3.923,0.194,0.0,0.748,0.0
932.0,,,10904355.268,-1.35,1.138,2.699,4.199,0.756,0.99,3.103,3.504
933.0,,,10915288.739,-1.35,1.145,2.699,4.199,0.998,0.993,4.033,3.512
934.0,,,10926149.32,-1.349,1.153,2.699,4.199,0.995,0.994,4.023,3.513
935.0,,,10937016.308,-1.35,1.148,2.699,4.199,0.992,0.993,4.012,3.509
936.0,,,10947900.329,-1.35,1.175,2.699,4.199,0.992,0.994,4.013,3.509
937.0,,,10958798.295,-1.349,1.148,2.699,4.199,0.99,0.994,4.004,3.508
938.0,,,10969714.256,-1.35,1.151,2.699,4.199,0.991,0.993,4.007,3.505
939.0,,,10980647.031,-1.35,1.155,2.699,4.199,0.991,0.995,4.01,3.512
940.0,,,10991581.101,-1.35,1.164,2.699,4.199,0.994,0.997,4.021,3.521
941.0,,,11002502.627,-1.349,1.152,2.699,4.199,0.994,0.998,4.02,3.524
942.0,,,11013408.82,-1.349,1.145,2.699,4.199,0.994,0.995,4.02,3.511
943.0,,,11024321.413,-1.349,1.17,2.699,4.199,0.991,0.993,4.007,3.503
944.0,,,11035239.579,-1.349,1.165,2.699,4.199,0.991,0.992,4.008,3.499
945.0,,,11046150.14,-1.35,1.156,2.699,4.199,0.988,0.991,3.996,3.494
946.0,,,11057057.242,-1.349,1.154,2.699,4.199,0.988,0.99,3.996,3.489
947.0,,,11067985.26,-1.349,1.15,2.699,4.199,0.988,0.991,3.996,3.495
948.0,,,11078910.161,-1.35,1.158,2.699,4.199,0.991,0.994,4.007,3.508
949.0,,,11089818.163,-1.35,1.159,2.699,4.199,0.991,0.994,4.006,3.509
950.0,,,11100701.379,-1.35,1.175,2.699,4.199,0.99,0.99,4.002,3.488
951.0,,,11111602.8,-1.349,1.151,2.699,4.199,0.984,0.986,3.981,3.471
952.0,,,11122491.983,-1.349,1.155,2.699,4.199,0.983,0.984,3.979,3.464
953.0,,,11133378.847,-1.35,1.149,2.699,4.199,0.98,0.983,3.964,3.458
954.0,,,11144265.698,-1.349,1.153,2.699,4.199,0.979,0.981,3.964,3.452
955.0,,,11155154.486,-1.35,1.167,2.699,4.199,0.979,0.982,3.961,3.457
956.0,,,11166025.792,-1.35,1.154,2.699,4.199,0.979,0.981,3.961,3.453
957.0,,,11172337.813,-1.349,0.675,2.699,4.198,0.743,0.76,2.973,2.637
958.0,,,11183414.41,-1.349,1.155,2.699,4.199,0.988,0.978,3.998,3.441
959.0,,,11194299.086,-1.35,1.157,2.699,4.199,0.976,0.978,3.949,3.44
960.0,,,11205182.948,-1.349,1.179,2.699,4.199,0.975,0.977,3.946,3.436
961.0,,,11216046.577,-1.349,1.161,2.699,4.199,0.974,0.976,3.946,3.432
962.0,,,11226906.769,-1.35,1.172,2.699,4.199,0.974,0.975,3.943,3.428
963.0,,,11237779.851,-1.35,1.17,2.699,4.199,0.971,0.976,3.932,3.431
964.0,,,11248642.881,-1.349,1.153,2.699,4.199,0.974,0.978,3.944,3.442
965.0,,,11259507.828,-1.35,1.152,2.699,4.199,0.975,0.978,3.944,3.442
966.0,,,11270357.692,-1.349,1.159,2.699,4.199,0.977,0.978,3.954,3.442
967.0,,,11281203.39,-1.349,1.162,2.699,4.199,0.973,0.975,3.939,3.428
968.0,,,11292056.567,-1.349,1.157,2.699,4.199,0.973,0.974,3.941,3.423
969.0,,,11302884.708,-1.349,1.158,2.699,4.199,0.97,0.973,3.926,3.42
970.0,,,11313713.98,-1.349,1.161,2.699,4.199,0.969,0.972,3.925,3.418
971.0,,,11324558.495,-1.349,1.156,2.699,4.199,0.97,0.972,3.927,3.416
972.0,,,11335392.638,-1.349,1.164,2.699,4.199,0.969,0.971,3.924,3.413
973.0,,,11346224.226,-1.349,1.159,2.699,4.199,0.969,0.971,3.924,3.411
974.0,,,11357049.631,-1.349,1.152,2.699,4.199,0.969,0.97,3.924,3.409
975.0,,,11367877.38,-1.349,1.154,2.699,4.199,0.969,0.97,3.924,3.409
976.0,,,11378700.177,-1.349,1.155,2.699,4.199,0.966,0.969,3.911,3.404
977.0,,,11389518.131,-1.349,1.151,2.699,4.199,0.965,0.968,3.909,3.401
978.0,,,11400333.682,-1.349,1.154,2.699,4.199,0.965,0.967,3.909,3.398
979.0,,,11411141.205,-1.349,1.164,2.699,4.199,0.964,0.966,3.906,3.395
980.0,,,11421946.418,-1.349,1.16,2.699,4.199,0.964,0.967,3.906,3.397
981.0,,,11432794.73,-1.349,1.183,2.699,4.199,0.965,0.97,3.908,3.411
982.0,,,11444080.838,-1.349,1.157,2.699,4.199,0.939,0.974,3.83,3.44
983.0,,,11455059.292,-1.349,1.147,2.699,4.199,0.984,0.977,3.984,3.448
984.0,,,11465945.247,-1.349,1.156,2.699,4.199,0.978,0.979,3.959,3.451
985.0,,,11476818.639,-1.349,1.151,2.699,4.199,0.977,0.979,3.956,3.452
986.0,,,11487692.174,-1.349,1.17,2.699,4.199,0.977,0.979,3.955,3.45
987.0,,,11498563.416,-1.349,1.152,2.699,4.199,0.977,0.979,3.957,3.446
988.0,,,11509446.367,-1.349,1.169,2.699,4.199,0.977,0.979,3.956,3.444
989.0,,,11520320.836,-1.35,1.173,2.699,4.199,0.977,0.98,3.955,3.45
990.0,,,11531224.028,-1.349,1.163,2.699,4.199,0.978,0.981,3.959,3.453
991.0,,,11542105.274,-1.35,1.152,2.699,4.199,0.978,0.98,3.961,3.448
992.0,,,11552999.838,-1.349,1.155,2.699,4.199,0.975,0.977,3.949,3.437
993.0,,,11563885.909,-1.349,1.165,2.699,4.199,0.974,0.976,3.945,3.43
994.0,,,11574769.167,-1.349,1.168,2.699,4.199,0.971,0.974,3.932,3.424
995.0,,,11585649.791,-1.349,1.155,2.699,4.199,0.971,0.973,3.933,3.417
996.0,,,11596534.486,-1.349,1.165,2.699,4.199,0.97,0.972,3.93,3.413
997.0,,,11607415.969,-1.349,1.154,2.699,4.199,0.968,0.971,3.919,3.411
998.0,,,11618286.867,-1.349,1.149,2.699,4.199,0.967,0.971,3.917,3.41
999.0,,,11629097.78,-1.349,1.156,2.699,4.199,0.969,0.971,3.923,3.412
1000.0,,,11639957.25,-1.35,1.181,2.699,4.199,0.966,0.969,3.912,3.403
1001.0,,,11650795.036,-1.35,1.16,2.699,4.199,0.966,0.967,3.912,3.397
1002.0,,,11661642.105,-1.349,1.157,2.699,4.199,0.966,0.967,3.912,3.394
1003.0,,,11672480.238,-1.349,1.182,2.699,4.199,0.962,0.966,3.896,3.39
1004.0,,,11683318.389,-1.349,1.158,2.699,4.199,0.962,0.964,3.897,3.385
1005.0,,,11694179.041,-1.349,1.162,2.699,4.199,0.962,0.967,3.898,3.398
1006.0,,,11705036.646,-1.349,1.158,2.699,4.199,0.965,0.969,3.909,3.404
1007.0,,,11715871.246,-1.35,1.159,2.699,4.199,0.965,0.968,3.907,3.403
1008.0,,,11726698.087,-1.35,1.162,2.699,4.199,0.965,0.967,3.906,3.4
1009.0,,,11737534.435,-1.349,1.172,2.699,4.199,0.964,0.967,3.905,3.399
1010.0,,,11748364.632,-1.349,1.157,2.699,4.199,0.964,0.967,3.906,3.397
1011.0,,,11759178.068,-1.349,1.177,2.699,4.199,0.963,0.966,3.901,3.394
1012.0,,,11770005.725,-1.349,1.154,2.699,4.199,0.964,0.967,3.905,3.401
1013.0,,,11780806.177,-1.35,1.159,2.699,4.199,0.966,0.968,3.913,3.405
1014.0,,,11787009.699,-1.349,0.675,2.699,4.196,0.728,0.747,2.911,2.589
1015.0,,,11798033.165,-1.35,1.16,2.699,4.199,0.976,0.966,3.953,3.399
1016.0,,,11808866.829,-1.349,1.18,2.699,4.199,0.964,0.965,3.902,3.392
1017.0,,,11819679.725,-1.35,1.157,2.699,4.199,0.963,0.964,3.901,3.386
1018.0,,,11830466.432,-1.35,1.159,2.699,4.199,0.959,0.959,3.884,3.365
1019.0,,,11841252.377,-1.349,1.166,2.699,4.199,0.955,0.957,3.869,3.357
1020.0,,,11852032.031,-1.349,1.167,2.699,4.199,0.954,0.956,3.868,3.355
1021.0,,,11862808.051,-1.35,1.158,2.699,4.199,0.955,0.959,3.87,3.366
1022.0,,,11873585.279,-1.349,1.161,2.699,4.199,0.958,0.96,3.879,3.373
1023.0,,,11884355.274,-1.349,1.163,2.699,4.199,0.957,0.959,3.878,3.372
1024.0,,,11895123.974,-1.349,1.173,2.699,4.199,0.954,0.956,3.864,3.354
1025.0,,,11905880.803,-1.35,1.168,2.699,4.199,0.95,0.954,3.85,3.347
1026.0,,,11916628.933,-1.349,1.162,2.699,4.199,0.95,0.952,3.849,3.339
1027.0,,,11927367.55,-1.349,1.167,2.699,4.199,0.949,0.951,3.846,3.334
1028.0,,,11938101.482,-1.349,1.163,2.699,4.199,0.949,0.95,3.846,3.332
1029.0,,,11948842.949,-1.349,1.18,2.699,4.199,0.949,0.953,3.844,3.346
1030.0,,,11959585.225,-1.349,1.18,2.699,4.199,0.952,0.956,3.857,3.36
1031.0,,,11970336.305,-1.349,1.169,2.699,4.199,0.953,0.957,3.861,3.362
1032.0,,,11981552.027,-1.35,1.176,2.699,4.199,0.943,0.967,3.843,3.413
1033.0,,,11992487.437,-1.349,1.159,2.699,4.199,0.973,0.967,3.94,3.408
1034.0,,,12003362.272,-1.349,1.154,2.699,4.199,0.968,0.968,3.919,3.406
1035.0,,,12014215.328,-1.35,1.153,2.699,4.199,0.967,0.967,3.917,3.404
1036.0,,,12025051.808,-1.35,1.168,2.699,4.199,0.966,0.967,3.912,3.401
1037.0,,,12035873.896,-1.349,1.168,2.699,4.199,0.963,0.966,3.898,3.396
1038.0,,,12046718.356,-1.35,1.151,2.699,4.199,0.964,0.97,3.903,3.415
1039.0,,,12057532.316,-1.349,1.15,2.699,4.199,0.966,0.968,3.909,3.407
1040.0,,,12068331.949,-1.35,1.162,2.699,4.199,0.965,0.966,3.907,3.402
1041.0,,,12079130.062,-1.349,1.153,2.699,4.199,0.962,0.963,3.896,3.387
1042.0,,,12089920.983,-1.349,1.162,2.699,4.199,0.961,0.961,3.891,3.378
1043.0,,,12100691.357,-1.35,1.163,2.699,4.199,0.957,0.959,3.875,3.371
1044.0,,,12111439.475,-1.35,1.173,2.699,4.199,0.956,0.957,3.871,3.364
1045.0,,,12122183.246,-1.35,1.152,2.699,4.199,0.953,0.956,3.86,3.36
1046.0,,,12132936.352,-1.35,1.158,2.699,4.199,0.953,0.955,3.86,3.355
1047.0,,,12143693.041,-1.35,1.157,2.699,4.199,0.953,0.954,3.858,3.352
1048.0,,,12154437.564,-1.349,1.152,2.699,4.199,0.952,0.953,3.856,3.348
1049.0,,,12165169.623,-1.35,1.155,2.699,4.199,0.952,0.952,3.855,3.341
1050.0,,,12175861.048,-1.35,1.167,2.699,4.199,0.946,0.946,3.833,3.318
1051.0,,,12186538.15,-1.35,1.151,2.699,4.199,0.942,0.943,3.819,3.306
1052.0,,,12197203.262,-1.35,1.155,2.699,4.199,0.939,0.941,3.805,3.298
1053.0,,,12207886.68,-1.349,1.166,2.699,4.199,0.938,0.94,3.802,3.294
1054.0,,,12218556.265,-1.349,1.155,2.699,4.199,0.938,0.939,3.803,3.292
1055.0,,,12229239.608,-1.349,1.168,2.699,4.199,0.938,0.942,3.801,3.303
1056.0,,,12239901.831,-1.349,1.155,2.699,4.199,0.938,0.942,3.802,3.303
1057.0,,,12250570.928,-1.349,1.163,2.699,4.199,0.938,0.941,3.799,3.303
1058.0,,,12256542.064,-1.35,0.675,2.699,4.196,0.699,0.717,2.799,2.481
1059.0,,,12267441.953,-1.349,1.167,2.699,4.199,0.946,0.935,3.837,3.279
1060.0,,,12278117.695,-1.35,1.187,2.699,4.199,0.934,0.936,3.785,3.283
1061.0,,,12288765.937,-1.349,1.152,2.699,4.199,0.933,0.936,3.783,3.28
1062.0,,,12299430.537,-1.349,1.16,2.699,4.199,0.934,0.938,3.784,3.288
1063.0,,,12310081.773,-1.35,1.159,2.699,4.199,0.937,0.94,3.796,3.298
1064.0,,,12320747.453,-1.349,1.173,2.699,4.199,0.937,0.94,3.796,3.297
1065.0,,,12331360.497,-1.349,1.161,2.699,4.199,0.936,0.937,3.792,3.284
1066.0,,,12341988.455,-1.349,1.177,2.699,4.199,0.932,0.934,3.777,3.272
1067.0,,,12352598.172,-1.349,1.179,2.699,4.199,0.931,0.932,3.775,3.263
1068.0,,,12363198.8,-1.35,1.155,2.699,4.199,0.928,0.93,3.763,3.254
1069.0,,,12373793.095,-1.349,1.157,2.699,4.199,0.928,0.927,3.762,3.245
1070.0,,,12384423.871,-1.349,1.155,2.699,4.199,0.925,0.927,3.75,3.245
1071.0,,,12395032.098,-1.35,1.166,2.699,4.199,0.924,0.929,3.747,3.254
1072.0,,,12405633.295,-1.349,1.155,2.699,4.199,0.927,0.928,3.759,3.249
1073.0,,,12416228.239,-1.349,1.155,2.699,4.199,0.927,0.927,3.759,3.245
1074.0,,,12426800.648,-1.349,1.16,2.699,4.199,0.923,0.923,3.743,3.229
1075.0,,,12437348.957,-1.349,1.163,2.699,4.199,0.919,0.921,3.727,3.22
1076.0,,,12447904.168,-1.349,1.18,2.699,4.199,0.918,0.92,3.724,3.216
1077.0,,,12458439.547,-1.35,1.16,2.699,4.199,0.918,0.919,3.725,3.211
1078.0,,,12468987.014,-1.349,1.165,2.699,4.199,0.914,0.919,3.711,3.21
1079.0,,,12479562.868,-1.349,1.17,2.699,4.199,0.918,0.923,3.725,3.232
1080.0,,,12490138.642,-1.349,1.171,2.699,4.199,0.922,0.925,3.739,3.241
1081.0,,,12495964.387,-1.349,0.675,2.699,4.197,0.682,0.7,2.731,2.416
1082.0,,,12507169.882,-1.35,1.155,2.699,4.199,0.915,0.932,3.735,3.279
1083.0,,,12517910.523,-1.349,1.169,2.699,4.199,0.939,0.931,3.805,3.267
1084.0,,,12528566.018,-1.349,1.186,2.699,4.199,0.932,0.931,3.778,3.264
1085.0,,,12539203.005,-1.35,1.183,2.699,4.199,0.931,0.931,3.776,3.26
1086.0,,,12549842.134,-1.349,1.161,2.699,4.199,0.929,0.93,3.766,3.257
1087.0,,,12560460.9,-1.349,1.166,2.699,4.199,0.928,0.929,3.762,3.251
1088.0,,,12571108.581,-1.349,1.164,2.699,4.199,0.928,0.931,3.764,3.26
1089.0,,,12576996.057,-1.349,0.675,2.699,4.196,0.688,0.708,2.757,2.447
1090.0,,,12587875.204,-1.349,1.183,2.699,4.199,0.94,0.929,3.815,3.254
1091.0,,,12598522.717,-1.349,1.158,2.699,4.199,0.929,0.929,3.765,3.256
1092.0,,,12609139.856,-1.349,1.168,2.699,4.199,0.927,0.925,3.76,3.236
1093.0,,,12619716.075,-1.349,1.166,2.699,4.199,0.922,0.923,3.742,3.229
1094.0,,,12630293.413,-1.349,1.168,2.699,4.199,0.919,0.921,3.728,3.222
1095.0,,,12640858.101,-1.349,1.158,2.699,4.199,0.918,0.92,3.726,3.215
1096.0,,,12651441.173,-1.349,1.167,2.699,4.199,0.918,0.921,3.725,3.221
1097.0,,,12661997.201,-1.349,1.181,2.699,4.199,0.92,0.922,3.733,3.227
1098.0,,,12672555.721,-1.349,1.168,2.699,4.199,0.921,0.922,3.734,3.227
1099.0,,,12678364.172,-1.349,0.675,2.699,4.199,0.681,0.698,2.727,2.409
1100.0,,,12689169.886,-1.35,1.172,2.699,4.199,0.93,0.917,3.774,3.212
1101.0,,,12699745.63,-1.35,1.168,2.699,4.199,0.917,0.919,3.721,3.216
1102.0,,,12710293.557,-1.349,1.163,2.699,4.199,0.917,0.918,3.719,3.214
1103.0,,,12720823.256,-1.349,1.155,2.699,4.199,0.916,0.918,3.717,3.211
1104.0,,,12731360.971,-1.35,1.184,2.699,4.199,0.916,0.918,3.715,3.215
1105.0,,,12741909.064,-1.349,1.167,2.699,4.199,0.916,0.92,3.715,3.224
1106.0,,,12752459.693,-1.35,1.166,2.699,4.199,0.92,0.923,3.732,3.234
1107.0,,,12762988.652,-1.349,1.157,2.699,4.199,0.92,0.92,3.73,3.224
1108.0,,,12773509.464,-1.35,1.16,2.699,4.199,0.916,0.918,3.715,3.212
1109.0,,,12784012.265,-1.349,1.177,2.699,4.199,0.915,0.915,3.71,3.203
1110.0,,,12794463.651,-1.349,1.166,2.699,4.199,0.91,0.911,3.693,3.183
1111.0,,,12804917.964,-1.35,1.165,2.699,4.199,0.906,0.907,3.678,3.168
1112.0,,,12815368.624,-1.349,1.159,2.699,4.199,0.903,0.905,3.664,3.161
1113.0,,,12825830.807,-1.349,1.16,2.699,4.199,0.903,0.909,3.665,3.178
1114.0,,,12836281.343,-1.349,1.172,2.699,4.199,0.906,0.909,3.675,3.177
1115.0,,,12846728.621,-1.35,1.165,2.699,4.199,0.908,0.911,3.687,3.191
1116.0,,,12857167.37,-1.349,1.167,2.699,4.199,0.909,0.907,3.687,3.171
1117.0,,,12867583.951,-1.349,1.165,2.699,4.199,0.901,0.902,3.658,3.149
1118.0,,,12877984.823,-1.349,1.17,2.699,4.199,0.897,0.9,3.642,3.144
1119.0,,,12883587.663,-1.349,0.675,2.699,4.197,0.654,0.672,2.621,2.315
1120.0,,,12894246.973,-1.349,1.16,2.699,4.199,0.907,0.895,3.684,3.126
1121.0,,,12904679.469,-1.349,1.166,2.699,4.199,0.897,0.899,3.642,3.142
1122.0,,,12915114.11,-1.349,1.169,2.699,4.199,0.9,0.906,3.653,3.172
1123.0,,,12925525.487,-1.349,1.183,2.699,4.199,0.904,0.905,3.666,3.167
1124.0,,,12935931.567,-1.349,1.168,2.699,4.199,0.903,0.905,3.666,3.165
1125.0,,,12946322.519,-1.349,1.164,2.699,4.199,0.9,0.902,3.651,3.155
1126.0,,,12956665.349,-1.35,1.199,2.699,4.199,0.899,0.898,3.648,3.136
1127.0,,,12967023.382,-1.349,1.171,2.699,4.199,0.894,0.895,3.631,3.124
1128.0,,,12977365.065,-1.349,1.171,2.699,4.199,0.891,0.893,3.617,3.118
1129.0,,,12987699.55,-1.349,1.171,2.699,4.199,0.89,0.892,3.615,3.114
1130.0,,,12998032.043,-1.349,1.163,2.699,4.199,0.89,0.895,3.615,3.125
1131.0,,,13008372.307,-1.349,1.187,2.699,4.199,0.89,0.893,3.616,3.12
1132.0,,,13019378.67,-1.349,1.168,2.699,4.199,0.863,0.916,3.532,3.221
1133.0,,,13030048.768,-1.349,1.162,2.699,4.199,0.93,0.92,3.772,3.231
1134.0,,,13040598.478,-1.349,1.163,2.699,4.199,0.923,0.919,3.741,3.222
1135.0,,,13051096.471,-1.349,1.169,2.699,4.199,0.918,0.914,3.722,3.202
1136.0,,,13061565.504,-1.349,1.161,2.699,4.199,0.91,0.911,3.694,3.186
1137.0,,,13072042.903,-1.349,1.175,2.699,4.199,0.909,0.909,3.691,3.179
1138.0,,,13077752.038,-1.349,0.675,2.699,4.196,0.666,0.686,2.669,2.366
1139.0,,,13088495.036,-1.35,1.186,2.699,4.199,0.917,0.904,3.723,3.161
1140.0,,,13099028.55,-1.349,1.159,2.699,4.199,0.908,0.91,3.685,3.183
1141.0,,,13109535.642,-1.35,1.165,2.699,4.199,0.91,0.912,3.695,3.191
1142.0,,,13120029.247,-1.349,1.165,2.699,4.199,0.911,0.913,3.694,3.198
1143.0,,,13125758.987,-1.349,0.675,2.699,4.197,0.67,0.687,2.685,2.372
1144.0,,,13136463.375,-1.35,1.163,2.699,4.199,0.917,0.902,3.721,3.152
1145.0,,,13146905.728,-1.349,1.172,2.699,4.199,0.901,0.899,3.659,3.138
1146.0,,,13157320.448,-1.349,1.167,2.699,4.199,0.897,0.896,3.641,3.128
1147.0,,,13167736.103,-1.349,1.171,2.699,4.199,0.893,0.895,3.627,3.124
1148.0,,,13178165.659,-1.349,1.162,2.699,4.199,0.893,0.897,3.629,3.133
1149.0,,,13188597.974,-1.349,1.173,2.699,4.199,0.897,0.903,3.641,3.156
1150.0,,,13199034.794,-1.349,1.166,2.699,4.199,0.9,0.903,3.655,3.156
1151.0,,,13209449.409,-1.349,1.18,2.699,4.199,0.9,0.903,3.652,3.158
1152.0,,,13219865.162,-1.349,1.196,2.699,4.199,0.9,0.899,3.653,3.142
1153.0,,,13230268.384,-1.349,1.169,2.699,4.199,0.895,0.897,3.635,3.135
1154.0,,,13240661.403,-1.349,1.164,2.699,4.199,0.895,0.896,3.635,3.131
1155.0,,,13251039.7,-1.35,1.178,2.699,4.199,0.894,0.896,3.631,3.13
1156.0,,,13261417.022,-1.35,1.16,2.699,4.199,0.895,0.896,3.633,3.131
1157.0,,,13271816.099,-1.349,1.169,2.699,4.199,0.895,0.899,3.634,3.145
1158.0,,,13282200.213,-1.349,1.165,2.699,4.199,0.898,0.898,3.645,3.14
1159.0,,,13292563.902,-1.35,1.164,2.699,4.199,0.897,0.898,3.64,3.14
1160.0,,,13298156.644,-1.35,0.675,2.699,4.198,0.653,0.671,2.618,2.315
1161.0,,,13308819.331,-1.35,1.189,2.699,4.199,0.905,0.893,3.677,3.121
1162.0,,,13319206.457,-1.349,1.161,2.699,4.199,0.892,0.892,3.62,3.118
1163.0,,,13329554.819,-1.35,1.16,2.699,4.199,0.89,0.89,3.615,3.109
1164.0,,,13339892.45,-1.349,1.181,2.699,4.199,0.886,0.888,3.597,3.1
1165.0,,,13350246.149,-1.35,1.176,2.699,4.199,0.885,0.889,3.596,3.102
1166.0,,,13360574.478,-1.349,1.194,2.699,4.199,0.888,0.89,3.605,3.108
1167.0,,,13370914.273,-1.349,1.172,2.699,4.199,0.888,0.888,3.606,3.101
1168.0,,,13381223.925,-1.35,1.173,2.699,4.199,0.885,0.886,3.592,3.094
1169.0,,,13391493.624,-1.349,1.198,2.699,4.199,0.883,0.881,3.588,3.072
1170.0,,,13401769.743,-1.349,1.193,2.699,4.199,0.876,0.878,3.56,3.061
1171.0,,,13412006.276,-1.349,1.173,2.699,4.199,0.874,0.872,3.551,3.036
1172.0,,,13422225.873,-1.349,1.163,2.699,4.199,0.867,0.869,3.525,3.025
1173.0,,,13432450.213,-1.349,1.176,2.699,4.199,0.866,0.867,3.522,3.015
1174.0,,,13442695.137,-1.349,1.171,2.699,4.199,0.866,0.871,3.523,3.035
1175.0,,,13452926.66,-1.349,1.169,2.699,4.199,0.87,0.872,3.536,3.036
1176.0,,,13463159.293,-1.349,1.161,2.699,4.199,0.87,0.872,3.537,3.039
1177.0,,,13473388.13,-1.349,1.175,2.699,4.199,0.87,0.872,3.535,3.039
1178.0,,,13483624.57,-1.35,1.167,2.699,4.199,0.87,0.871,3.535,3.033
1179.0,,,13493852.844,-1.349,1.166,2.699,4.199,0.869,0.869,3.533,3.027
1180.0,,,13504061.397,-1.349,1.175,2.699,4.199,0.862,0.864,3.506,3.004
1181.0,,,13514257.281,-1.349,1.169,2.699,4.199,0.861,0.866,3.502,3.015
1182.0,,,13525077.457,-1.349,1.183,2.699,4.199,0.846,0.882,3.468,3.084
1183.0,,,13535549.933,-1.349,1.181,2.699,4.199,0.892,0.886,3.623,3.096
1184.0,,,13545938.595,-1.349,1.183,2.699,4.199,0.886,0.885,3.599,3.086
1185.0,,,13556294.365,-1.349,1.175,2.699,4.199,0.882,0.882,3.582,3.075
1186.0,,,13566628.918,-1.349,1.171,2.699,4.199,0.88,0.879,3.578,3.064
1187.0,,,13576943.267,-1.349,1.171,2.699,4.199,0.876,0.873,3.562,3.038
1188.0,,,13587219.243,-1.349,1.173,2.699,4.199,0.868,0.87,3.529,3.024
1189.0,,,13597504.403,-1.349,1.168,2.699,4.199,0.868,0.87,3.53,3.026
1190.0,,,13607807.017,-1.349,1.185,2.699,4.199,0.871,0.876,3.544,3.055
1191.0,,,13618135.621,-1.35,1.176,2.699,4.199,0.876,0.878,3.561,3.062
1192.0,,,13628440.507,-1.349,1.168,2.699,4.199,0.875,0.877,3.557,3.057
1193.0,,,13638730.878,-1.349,1.172,2.699,4.199,0.871,0.874,3.54,3.044
1194.0,,,13648995.599,-1.349,1.161,2.699,4.199,0.871,0.871,3.538,3.034
1195.0,,,13659240.723,-1.349,1.171,2.699,4.199,0.869,0.869,3.532,3.024
1196.0,,,13669467.519,-1.35,1.173,2.699,4.199,0.865,0.868,3.516,3.02
1197.0,,,13679716.551,-1.35,1.173,2.699,4.199,0.865,0.87,3.518,3.032
1198.0,,,13689965.793,-1.35,1.173,2.699,4.199,0.869,0.873,3.531,3.042
1199.0,,,13700222.45,-1.35,1.173,2.699,4.199,0.869,0.872,3.532,3.038
1200.0,,,13710473.583,-1.35,1.162,2.699,4.199,0.869,0.872,3.532,3.04
1201.0,,,13720699.377,-1.349,1.186,2.699,4.199,0.868,0.868,3.528,3.024
1202.0,,,13730908.145,-1.35,1.171,2.699,4.199,0.864,0.866,3.512,3.016
1203.0,,,13741110.495,-1.35,1.162,2.699,4.199,0.864,0.864,3.511,3.009
1204.0,,,13751302.04,-1.349,1.187,2.699,4.199,0.86,0.863,3.496,3.002
1205.0,,,13761480.497,-1.349,1.168,2.699,4.199,0.859,0.86,3.494,2.992
1206.0,,,13771685.4,-1.35,1.177,2.699,4.199,0.859,0.863,3.492,3.004
1207.0,,,13781887.406,-1.35,1.176,2.699,4.199,0.86,0.864,3.495,3.007
1208.0,,,13792080.354,-1.349,1.191,2.699,4.199,0.86,0.863,3.496,3.005
1209.0,,,13802246.384,-1.349,1.177,2.699,4.199,0.859,0.862,3.49,3.0
1210.0,,,13812409.382,-1.35,1.166,2.699,4.199,0.858,0.858,3.489,2.986
1211.0,,,13822564.619,-1.349,1.172,2.699,4.199,0.854,0.857,3.474,2.979
1212.0,,,13832714.047,-1.35,1.163,2.699,4.199,0.854,0.854,3.472,2.971
1213.0,,,13842842.212,-1.349,1.196,2.699,4.199,0.85,0.854,3.457,2.968
1214.0,,,13852975.866,-1.349,1.17,2.699,4.199,0.85,0.853,3.456,2.964
1215.0,,,13863129.125,-1.35,1.163,2.699,4.199,0.85,0.857,3.459,2.984
1216.0,,,13873274.504,-1.35,1.173,2.699,4.199,0.857,0.859,3.483,2.989
1217.0,,,13883442.673,-1.35,1.172,2.699,4.199,0.862,0.89,3.503,3.113
1218.0,,,13893801.621,-1.35,1.167,2.699,4.199,0.884,0.889,3.585,3.108
1219.0,,,13904154.606,-1.35,1.169,2.699,4.199,0.884,0.885,3.585,3.092
1220.0,,,13914509.291,-1.35,1.181,2.699,4.199,0.88,0.883,3.573,3.086
1221.0,,,13924844.396,-1.35,1.186,2.699,4.199,0.879,0.881,3.57,3.076
1222.0,,,13935185.53,-1.35,1.173,2.699,4.199,0.876,0.88,3.557,3.072
1223.0,,,13945519.635,-1.35,1.163,2.699,4.199,0.876,0.879,3.559,3.066
1224.0,,,13955846.495,-1.35,1.169,2.699,4.199,0.876,0.878,3.556,3.063
1225.0,,,13966180.938,-1.35,1.173,2.699,4.199,0.875,0.878,3.556,3.064
1226.0,,,13976521.466,-1.35,1.182,2.699,4.199,0.876,0.879,3.557,3.066
1227.0,,,13986869.065,-1.35,1.171,2.699,4.199,0.876,0.878,3.558,3.062
1228.0,,,13997200.877,-1.349,1.176,2.699,4.199,0.875,0.877,3.556,3.058
1229.0,,,14007523.742,-1.35,1.162,2.699,4.199,0.873,0.873,3.545,3.043
1230.0,,,14017834.23,-1.35,1.173,2.699,4.199,0.867,0.868,3.525,3.022
1231.0,,,14028123.106,-1.35,1.167,2.699,4.199,0.863,0.865,3.509,3.011
1232.0,,,14039001.083,-1.35,1.186,2.699,4.199,0.845,0.884,3.461,3.103
1233.0,,,14049525.174,-1.35,1.172,2.699,4.199,0.896,0.892,3.636,3.124
1234.0,,,14059951.455,-1.349,1.175,2.699,4.199,0.893,0.889,3.623,3.111
1235.0,,,14070347.537,-1.35,1.187,2.699,4.199,0.888,0.885,3.605,3.094
1236.0,,,14080718.599,-1.349,1.165,2.699,4.199,0.884,0.882,3.589,3.081
1237.0,,,14091076.705,-1.35,1.167,2.699,4.199,0.88,0.879,3.573,3.068
1238.0,,,14101418.943,-1.349,1.188,2.699,4.199,0.875,0.875,3.556,3.054
1239.0,,,14111763.452,-1.35,1.174,2.699,4.199,0.875,0.878,3.554,3.066
1240.0,,,14122089.369,-1.35,1.17,2.699,4.199,0.878,0.878,3.566,3.069
1241.0,,,14132425.362,-1.349,1.18,2.699,4.199,0.878,0.879,3.565,3.071
1242.0,,,14142727.387,-1.35,1.173,2.699,4.199,0.874,0.874,3.549,3.051
1243.0,,,14153022.424,-1.35,1.169,2.699,4.199,0.869,0.87,3.532,3.037
1244.0,,,14163287.563,-1.349,1.17,2.699,4.199,0.868,0.868,3.525,3.028
1245.0,,,14173538.839,-1.35,1.179,2.699,4.199,0.864,0.865,3.51,3.018
1246.0,,,14183752.122,-1.35,1.173,2.699,4.199,0.862,0.86,3.503,2.998
1247.0,,,14193980.118,-1.349,1.169,2.699,4.199,0.855,0.858,3.477,2.991
1248.0,,,14204182.499,-1.349,1.171,2.699,4.199,0.858,0.858,3.487,2.993
1249.0,,,14214406.509,-1.35,1.17,2.699,4.199,0.855,0.859,3.476,2.998
1250.0,,,14224587.32,-1.349,1.176,2.699,4.199,0.857,0.859,3.484,2.995
1251.0,,,14234744.041,-1.349,1.175,2.699,4.199,0.853,0.854,3.468,2.978
1252.0,,,14244876.062,-1.349,1.167,2.699,4.199,0.848,0.847,3.45,2.949
1253.0,,,14254957.668,-1.349,1.175,2.699,4.199,0.842,0.842,3.426,2.929
1254.0,,,14260078.972,-1.349,0.675,2.699,4.197,0.592,0.614,2.377,2.106
1255.0,,,14270446.295,-1.349,1.175,2.699,4.199,0.85,0.834,3.461,2.902
1256.0,,,14280543.507,-1.349,1.168,2.699,4.199,0.835,0.839,3.398,2.918
1257.0,,,14290665.005,-1.35,1.179,2.699,4.199,0.839,0.841,3.414,2.929
1258.0,,,14300762.678,-1.349,1.165,2.699,4.199,0.842,0.844,3.424,2.943
1259.0,,,14310842.055,-1.349,1.178,2.699,4.199,0.842,0.844,3.424,2.943
1260.0,,,14320913.68,-1.349,1.175,2.699,4.199,0.841,0.841,3.421,2.927
1261.0,,,14330939.273,-1.349,1.178,2.699,4.199,0.836,0.837,3.402,2.913
1262.0,,,14340950.458,-1.349,1.175,2.699,4.199,0.832,0.834,3.385,2.901
1263.0,,,14350947.793,-1.349,1.166,2.699,4.199,0.831,0.832,3.384,2.894
1264.0,,,14360931.908,-1.349,1.186,2.699,4.199,0.83,0.83,3.379,2.885
1265.0,,,14370901.05,-1.349,1.167,2.699,4.199,0.826,0.828,3.364,2.88
1266.0,,,14380868.124,-1.35,1.165,2.699,4.199,0.826,0.83,3.362,2.884
1267.0,,,14390844.956,-1.349,1.192,2.699,4.199,0.827,0.83,3.364,2.885
1268.0,,,14400784.281,-1.349,1.185,2.699,4.199,0.828,0.83,3.372,2.888
1269.0,,,14410725.283,-1.349,1.195,2.699,4.199,0.826,0.827,3.362,2.876
1270.0,,,14420632.725,-1.349,1.181,2.699,4.199,0.821,0.822,3.343,2.857
1271.0,,,14430551.526,-1.349,1.172,2.699,4.199,0.82,0.822,3.34,2.854
1272.0,,,14440474.773,-1.349,1.195,2.699,4.199,0.821,0.82,3.342,2.848
1273.0,,,14450375.727,-1.349,1.175,2.699,4.199,0.816,0.819,3.323,2.844
1274.0,,,14460274.945,-1.349,1.171,2.699,4.199,0.816,0.819,3.322,2.845
1275.0,,,14470169.198,-1.349,1.187,2.699,4.199,0.816,0.819,3.323,2.845
1276.0,,,14480123.47,-1.349,1.177,2.699,4.199,0.821,0.828,3.342,2.883
1277.0,,,14490062.949,-1.349,1.17,2.699,4.199,0.828,0.827,3.368,2.876
1278.0,,,14499981.227,-1.349,1.167,2.699,4.199,0.824,0.825,3.354,2.869
1279.0,,,14509888.52,-1.349,1.203,2.699,4.199,0.821,0.821,3.344,2.854
1280.0,,,14519795.865,-1.35,1.2,2.699,4.199,0.82,0.822,3.339,2.856
1281.0,,,14529711.747,-1.35,1.183,2.699,4.199,0.82,0.821,3.339,2.854
